{
  "resourceType": "StructureDefinition",
  "id": "MolecularVariant",
  "text": {
    "status": "extensions",
    "div": "<div xmlns=\"http://www.w3.org/1999/xhtml\"><table border=\"0\" cellpadding=\"0\" cellspacing=\"0\" style=\"border: 0px #F0F0F0 solid; font-size: 11px; font-family: verdana; vertical-align: top;\"><tr style=\"border: 1px #F0F0F0 solid; font-size: 11px; font-family: verdana; vertical-align: top\"><th style=\"vertical-align: top; text-align : left; background-color: white; border: 0px #F0F0F0 solid; padding:0px 4px 0px 4px\" class=\"hierarchy\"><a href=\"http://hl7.org/fhir/R4/formats.html#table\" title=\"The logical name of the element\">Name</a></th><th style=\"vertical-align: top; text-align : left; background-color: white; border: 0px #F0F0F0 solid; padding:0px 4px 0px 4px\" class=\"hierarchy\"><a href=\"http://hl7.org/fhir/R4/formats.html#table\" title=\"Information about the use of the element\">Flags</a></th><th style=\"vertical-align: top; text-align : left; background-color: white; border: 0px #F0F0F0 solid; padding:0px 4px 0px 4px\" class=\"hierarchy\"><a href=\"http://hl7.org/fhir/R4/formats.html#table\" title=\"Minimum and Maximum # of times the the element can appear in the instance\">Card.</a></th><th style=\"width: 100px\" class=\"hierarchy\"><a href=\"http://hl7.org/fhir/R4/formats.html#table\" title=\"Reference to the type of the element\">Type</a></th><th style=\"vertical-align: top; text-align : left; background-color: white; border: 0px #F0F0F0 solid; padding:0px 4px 0px 4px\" class=\"hierarchy\"><a href=\"http://hl7.org/fhir/R4/formats.html#table\" title=\"Additional information about the element\">Description &amp; Constraints</a><span style=\"float: right\"><a href=\"http://hl7.org/fhir/R4/formats.html#table\" title=\"Legend for this format\"><img src=\"http://hl7.org/fhir/R4/help16.png\" alt=\"doco\" style=\"background-color: inherit\"/></a></span></th></tr><tr style=\"border: 0px #F0F0F0 solid; padding:0px; vertical-align: top; background-color: white\"><td style=\"vertical-align: top; text-align : left; background-color: white; border: 0px #F0F0F0 solid; padding:0px 4px 0px 4px; white-space: nowrap; background-image: url(tbl_bck1.png)\" class=\"hierarchy\"><img src=\"tbl_spacer.png\" alt=\".\" style=\"background-color: inherit\" class=\"hierarchy\"/><img src=\"icon_element.gif\" alt=\".\" style=\"background-color: white; background-color: inherit\" title=\"Element\" class=\"hierarchy\"/> <a href=\"StructureDefinition-MolecularVariant-definitions.html#MolecularVariant\" title=\"MolecularVariant resource\">MolecularVariant</a><a name=\"MolecularVariant\"> </a></td><td style=\"vertical-align: top; text-align : left; background-color: white; border: 0px #F0F0F0 solid; padding:0px 4px 0px 4px\" class=\"hierarchy\"/><td style=\"vertical-align: top; text-align : left; background-color: white; border: 0px #F0F0F0 solid; padding:0px 4px 0px 4px\" class=\"hierarchy\"><span style=\"opacity: 0.5\">0</span><span style=\"opacity: 0.5\">..</span><span style=\"opacity: 0.5\">*</span></td><td style=\"vertical-align: top; text-align : left; background-color: white; border: 0px #F0F0F0 solid; padding:0px 4px 0px 4px\" class=\"hierarchy\"/><td style=\"vertical-align: top; text-align : left; background-color: white; border: 0px #F0F0F0 solid; padding:0px 4px 0px 4px\" class=\"hierarchy\">Molecular Variant</td></tr>\r\n<tr style=\"border: 0px #F0F0F0 solid; padding:0px; vertical-align: top; background-color: #F7F7F7\"><td style=\"vertical-align: top; text-align : left; background-color: #F7F7F7; border: 0px #F0F0F0 solid; padding:0px 4px 0px 4px; white-space: nowrap; background-image: url(tbl_bck10.png)\" class=\"hierarchy\"><img src=\"tbl_spacer.png\" alt=\".\" style=\"background-color: inherit\" class=\"hierarchy\"/><img src=\"tbl_vjoin.png\" alt=\".\" style=\"background-color: inherit\" class=\"hierarchy\"/><img src=\"icon_datatype.gif\" alt=\".\" style=\"background-color: #F7F7F7; background-color: inherit\" title=\"Data Type\" class=\"hierarchy\"/> <a href=\"StructureDefinition-MolecularVariant-definitions.html#MolecularVariant.molecularType\" title=\"The type of molecule (e.g., DNA, RNA, protein)\">molecularType</a><a name=\"MolecularVariant.molecularType\"> </a></td><td style=\"vertical-align: top; text-align : left; background-color: #F7F7F7; border: 0px #F0F0F0 solid; padding:0px 4px 0px 4px\" class=\"hierarchy\"/><td style=\"vertical-align: top; text-align : left; background-color: #F7F7F7; border: 0px #F0F0F0 solid; padding:0px 4px 0px 4px\" class=\"hierarchy\">0..1</td><td style=\"vertical-align: top; text-align : left; background-color: #F7F7F7; border: 0px #F0F0F0 solid; padding:0px 4px 0px 4px\" class=\"hierarchy\"><a href=\"http://hl7.org/fhir/R4/datatypes.html#CodeableConcept\">CodeableConcept</a></td><td style=\"vertical-align: top; text-align : left; background-color: #F7F7F7; border: 0px #F0F0F0 solid; padding:0px 4px 0px 4px\" class=\"hierarchy\">Molecule type</td></tr>\r\n<tr style=\"border: 0px #F0F0F0 solid; padding:0px; vertical-align: top; background-color: white\"><td style=\"vertical-align: top; text-align : left; background-color: white; border: 0px #F0F0F0 solid; padding:0px 4px 0px 4px; white-space: nowrap; background-image: url(tbl_bck11.png)\" class=\"hierarchy\"><img src=\"tbl_spacer.png\" alt=\".\" style=\"background-color: inherit\" class=\"hierarchy\"/><img src=\"tbl_vjoin.png\" alt=\".\" style=\"background-color: inherit\" class=\"hierarchy\"/><img src=\"icon_datatype.gif\" alt=\".\" style=\"background-color: white; background-color: inherit\" title=\"Data Type\" class=\"hierarchy\"/> <a href=\"StructureDefinition-MolecularVariant-definitions.html#MolecularVariant.primaryRepresentation\" title=\"A representation for the Variant that is used as its primary definition.\">primaryRepresentation</a><a name=\"MolecularVariant.primaryRepresentation\"> </a></td><td style=\"vertical-align: top; text-align : left; background-color: white; border: 0px #F0F0F0 solid; padding:0px 4px 0px 4px\" class=\"hierarchy\"/><td style=\"vertical-align: top; text-align : left; background-color: white; border: 0px #F0F0F0 solid; padding:0px 4px 0px 4px\" class=\"hierarchy\">1..1</td><td style=\"vertical-align: top; text-align : left; background-color: white; border: 0px #F0F0F0 solid; padding:0px 4px 0px 4px\" class=\"hierarchy\"><a href=\"http://hl7.org/fhir/R4/datatypes.html#BackboneElement\">BackboneElement</a></td><td style=\"vertical-align: top; text-align : left; background-color: white; border: 0px #F0F0F0 solid; padding:0px 4px 0px 4px\" class=\"hierarchy\">Primary Representation</td></tr>\r\n<tr style=\"border: 0px #F0F0F0 solid; padding:0px; vertical-align: top; background-color: #F7F7F7\"><td style=\"vertical-align: top; text-align : left; background-color: #F7F7F7; border: 0px #F0F0F0 solid; padding:0px 4px 0px 4px; white-space: nowrap; background-image: url(tbl_bck110.png)\" class=\"hierarchy\"><img src=\"tbl_spacer.png\" alt=\".\" style=\"background-color: inherit\" class=\"hierarchy\"/><img src=\"tbl_vline.png\" alt=\".\" style=\"background-color: inherit\" class=\"hierarchy\"/><img src=\"tbl_vjoin.png\" alt=\".\" style=\"background-color: inherit\" class=\"hierarchy\"/><img src=\"icon_datatype.gif\" alt=\".\" style=\"background-color: #F7F7F7; background-color: inherit\" title=\"Data Type\" class=\"hierarchy\"/> <a href=\"StructureDefinition-MolecularVariant-definitions.html#MolecularVariant.primaryRepresentation.identifier\" title=\"Identifer based representation of a variant. The source of the identifier is specified using the URI recorded in the system attribute.\">identifier</a><a name=\"MolecularVariant.primaryRepresentation.identifier\"> </a></td><td style=\"vertical-align: top; text-align : left; background-color: #F7F7F7; border: 0px #F0F0F0 solid; padding:0px 4px 0px 4px\" class=\"hierarchy\"/><td style=\"vertical-align: top; text-align : left; background-color: #F7F7F7; border: 0px #F0F0F0 solid; padding:0px 4px 0px 4px\" class=\"hierarchy\">0..1</td><td style=\"vertical-align: top; text-align : left; background-color: #F7F7F7; border: 0px #F0F0F0 solid; padding:0px 4px 0px 4px\" class=\"hierarchy\"><a href=\"http://hl7.org/fhir/R4/datatypes.html#CodeableConcept\">CodeableConcept</a></td><td style=\"vertical-align: top; text-align : left; background-color: #F7F7F7; border: 0px #F0F0F0 solid; padding:0px 4px 0px 4px\" class=\"hierarchy\">Identifer</td></tr>\r\n<tr style=\"border: 0px #F0F0F0 solid; padding:0px; vertical-align: top; background-color: white\"><td style=\"vertical-align: top; text-align : left; background-color: white; border: 0px #F0F0F0 solid; padding:0px 4px 0px 4px; white-space: nowrap; background-image: url(tbl_bck111.png)\" class=\"hierarchy\"><img src=\"tbl_spacer.png\" alt=\".\" style=\"background-color: inherit\" class=\"hierarchy\"/><img src=\"tbl_vline.png\" alt=\".\" style=\"background-color: inherit\" class=\"hierarchy\"/><img src=\"tbl_vjoin.png\" alt=\".\" style=\"background-color: inherit\" class=\"hierarchy\"/><img src=\"icon_datatype.gif\" alt=\".\" style=\"background-color: white; background-color: inherit\" title=\"Data Type\" class=\"hierarchy\"/> <a href=\"StructureDefinition-MolecularVariant-definitions.html#MolecularVariant.primaryRepresentation.text\" title=\"Text based representation of a variant, including nomenclatures such as HGVS, ISCN, HLA, and pharmacogenetic star alleles.\">text</a><a name=\"MolecularVariant.primaryRepresentation.text\"> </a></td><td style=\"vertical-align: top; text-align : left; background-color: white; border: 0px #F0F0F0 solid; padding:0px 4px 0px 4px\" class=\"hierarchy\"/><td style=\"vertical-align: top; text-align : left; background-color: white; border: 0px #F0F0F0 solid; padding:0px 4px 0px 4px\" class=\"hierarchy\">0..1</td><td style=\"vertical-align: top; text-align : left; background-color: white; border: 0px #F0F0F0 solid; padding:0px 4px 0px 4px\" class=\"hierarchy\"><a href=\"http://hl7.org/fhir/R4/datatypes.html#BackboneElement\">BackboneElement</a></td><td style=\"vertical-align: top; text-align : left; background-color: white; border: 0px #F0F0F0 solid; padding:0px 4px 0px 4px\" class=\"hierarchy\">Text</td></tr>\r\n<tr style=\"border: 0px #F0F0F0 solid; padding:0px; vertical-align: top; background-color: #F7F7F7\"><td style=\"vertical-align: top; text-align : left; background-color: #F7F7F7; border: 0px #F0F0F0 solid; padding:0px 4px 0px 4px; white-space: nowrap; background-image: url(tbl_bck1110.png)\" class=\"hierarchy\"><img src=\"tbl_spacer.png\" alt=\".\" style=\"background-color: inherit\" class=\"hierarchy\"/><img src=\"tbl_vline.png\" alt=\".\" style=\"background-color: inherit\" class=\"hierarchy\"/><img src=\"tbl_vline.png\" alt=\".\" style=\"background-color: inherit\" class=\"hierarchy\"/><img src=\"tbl_vjoin.png\" alt=\".\" style=\"background-color: inherit\" class=\"hierarchy\"/><img src=\"icon_primitive.png\" alt=\".\" style=\"background-color: #F7F7F7; background-color: inherit\" title=\"Primitive Data Type\" class=\"hierarchy\"/> <a href=\"StructureDefinition-MolecularVariant-definitions.html#MolecularVariant.primaryRepresentation.text.value\" title=\"Value for the textual representation\">value</a><a name=\"MolecularVariant.primaryRepresentation.text.value\"> </a></td><td style=\"vertical-align: top; text-align : left; background-color: #F7F7F7; border: 0px #F0F0F0 solid; padding:0px 4px 0px 4px\" class=\"hierarchy\"/><td style=\"vertical-align: top; text-align : left; background-color: #F7F7F7; border: 0px #F0F0F0 solid; padding:0px 4px 0px 4px\" class=\"hierarchy\">1..1</td><td style=\"vertical-align: top; text-align : left; background-color: #F7F7F7; border: 0px #F0F0F0 solid; padding:0px 4px 0px 4px\" class=\"hierarchy\"><a href=\"http://hl7.org/fhir/R4/datatypes.html#string\">string</a></td><td style=\"vertical-align: top; text-align : left; background-color: #F7F7F7; border: 0px #F0F0F0 solid; padding:0px 4px 0px 4px\" class=\"hierarchy\">Value</td></tr>\r\n<tr style=\"border: 0px #F0F0F0 solid; padding:0px; vertical-align: top; background-color: white\"><td style=\"vertical-align: top; text-align : left; background-color: white; border: 0px #F0F0F0 solid; padding:0px 4px 0px 4px; white-space: nowrap; background-image: url(tbl_bck1100.png)\" class=\"hierarchy\"><img src=\"tbl_spacer.png\" alt=\".\" style=\"background-color: inherit\" class=\"hierarchy\"/><img src=\"tbl_vline.png\" alt=\".\" style=\"background-color: inherit\" class=\"hierarchy\"/><img src=\"tbl_vline.png\" alt=\".\" style=\"background-color: inherit\" class=\"hierarchy\"/><img src=\"tbl_vjoin_end.png\" alt=\".\" style=\"background-color: inherit\" class=\"hierarchy\"/><img src=\"icon_datatype.gif\" alt=\".\" style=\"background-color: white; background-color: inherit\" title=\"Data Type\" class=\"hierarchy\"/> <a href=\"StructureDefinition-MolecularVariant-definitions.html#MolecularVariant.primaryRepresentation.text.system\" title=\"System that defines the nomenclature (including version, if applicable)\">system</a><a name=\"MolecularVariant.primaryRepresentation.text.system\"> </a></td><td style=\"vertical-align: top; text-align : left; background-color: white; border: 0px #F0F0F0 solid; padding:0px 4px 0px 4px\" class=\"hierarchy\"/><td style=\"vertical-align: top; text-align : left; background-color: white; border: 0px #F0F0F0 solid; padding:0px 4px 0px 4px\" class=\"hierarchy\">1..1</td><td style=\"vertical-align: top; text-align : left; background-color: white; border: 0px #F0F0F0 solid; padding:0px 4px 0px 4px\" class=\"hierarchy\"><a href=\"http://hl7.org/fhir/R4/datatypes.html#CodeableConcept\">CodeableConcept</a></td><td style=\"vertical-align: top; text-align : left; background-color: white; border: 0px #F0F0F0 solid; padding:0px 4px 0px 4px\" class=\"hierarchy\">System</td></tr>\r\n<tr style=\"border: 0px #F0F0F0 solid; padding:0px; vertical-align: top; background-color: #F7F7F7\"><td style=\"vertical-align: top; text-align : left; background-color: #F7F7F7; border: 0px #F0F0F0 solid; padding:0px 4px 0px 4px; white-space: nowrap; background-image: url(tbl_bck101.png)\" class=\"hierarchy\"><img src=\"tbl_spacer.png\" alt=\".\" style=\"background-color: inherit\" class=\"hierarchy\"/><img src=\"tbl_vline.png\" alt=\".\" style=\"background-color: inherit\" class=\"hierarchy\"/><img src=\"tbl_vjoin_end.png\" alt=\".\" style=\"background-color: inherit\" class=\"hierarchy\"/><img src=\"icon_datatype.gif\" alt=\".\" style=\"background-color: #F7F7F7; background-color: inherit\" title=\"Data Type\" class=\"hierarchy\"/> <a href=\"StructureDefinition-MolecularVariant-definitions.html#MolecularVariant.primaryRepresentation.sequence\" title=\"Sequence based representation of a variant\">sequence</a><a name=\"MolecularVariant.primaryRepresentation.sequence\"> </a></td><td style=\"vertical-align: top; text-align : left; background-color: #F7F7F7; border: 0px #F0F0F0 solid; padding:0px 4px 0px 4px\" class=\"hierarchy\"/><td style=\"vertical-align: top; text-align : left; background-color: #F7F7F7; border: 0px #F0F0F0 solid; padding:0px 4px 0px 4px\" class=\"hierarchy\">0..1</td><td style=\"vertical-align: top; text-align : left; background-color: #F7F7F7; border: 0px #F0F0F0 solid; padding:0px 4px 0px 4px\" class=\"hierarchy\"><a href=\"http://hl7.org/fhir/R4/datatypes.html#BackboneElement\">BackboneElement</a></td><td style=\"vertical-align: top; text-align : left; background-color: #F7F7F7; border: 0px #F0F0F0 solid; padding:0px 4px 0px 4px\" class=\"hierarchy\">Sequence</td></tr>\r\n<tr style=\"border: 0px #F0F0F0 solid; padding:0px; vertical-align: top; background-color: white\"><td style=\"vertical-align: top; text-align : left; background-color: white; border: 0px #F0F0F0 solid; padding:0px 4px 0px 4px; white-space: nowrap; background-image: url(tbl_bck1010.png)\" class=\"hierarchy\"><img src=\"tbl_spacer.png\" alt=\".\" style=\"background-color: inherit\" class=\"hierarchy\"/><img src=\"tbl_vline.png\" alt=\".\" style=\"background-color: inherit\" class=\"hierarchy\"/><img src=\"tbl_blank.png\" alt=\".\" style=\"background-color: inherit\" class=\"hierarchy\"/><img src=\"tbl_vjoin.png\" alt=\".\" style=\"background-color: inherit\" class=\"hierarchy\"/><img src=\"icon_datatype.gif\" alt=\".\" style=\"background-color: white; background-color: inherit\" title=\"Data Type\" class=\"hierarchy\"/> <a href=\"StructureDefinition-MolecularVariant-definitions.html#MolecularVariant.primaryRepresentation.sequence.system\" title=\"The system that specifies how this information should be interpreted, since systems may include different business rules governing interpretation (e.g. VCF left shifts while HGVS right shifts)\">system</a><a name=\"MolecularVariant.primaryRepresentation.sequence.system\"> </a></td><td style=\"vertical-align: top; text-align : left; background-color: white; border: 0px #F0F0F0 solid; padding:0px 4px 0px 4px\" class=\"hierarchy\"/><td style=\"vertical-align: top; text-align : left; background-color: white; border: 0px #F0F0F0 solid; padding:0px 4px 0px 4px\" class=\"hierarchy\">1..1</td><td style=\"vertical-align: top; text-align : left; background-color: white; border: 0px #F0F0F0 solid; padding:0px 4px 0px 4px\" class=\"hierarchy\"><a href=\"http://hl7.org/fhir/R4/datatypes.html#CodeableConcept\">CodeableConcept</a></td><td style=\"vertical-align: top; text-align : left; background-color: white; border: 0px #F0F0F0 solid; padding:0px 4px 0px 4px\" class=\"hierarchy\">System</td></tr>\r\n<tr style=\"border: 0px #F0F0F0 solid; padding:0px; vertical-align: top; background-color: #F7F7F7\"><td style=\"vertical-align: top; text-align : left; background-color: #F7F7F7; border: 0px #F0F0F0 solid; padding:0px 4px 0px 4px; white-space: nowrap; background-image: url(tbl_bck1011.png)\" class=\"hierarchy\"><img src=\"tbl_spacer.png\" alt=\".\" style=\"background-color: inherit\" class=\"hierarchy\"/><img src=\"tbl_vline.png\" alt=\".\" style=\"background-color: inherit\" class=\"hierarchy\"/><img src=\"tbl_blank.png\" alt=\".\" style=\"background-color: inherit\" class=\"hierarchy\"/><img src=\"tbl_vjoin.png\" alt=\".\" style=\"background-color: inherit\" class=\"hierarchy\"/><img src=\"icon_choice.gif\" alt=\".\" style=\"background-color: #F7F7F7; background-color: inherit\" title=\"Choice of Types\" class=\"hierarchy\"/> <a href=\"StructureDefinition-MolecularVariant-definitions.html#MolecularVariant.primaryRepresentation.sequence.referenceSequence[x]\" title=\"Sequence used as a reference for defining the state expressed by the Variant\">referenceSequence[x]</a><a name=\"MolecularVariant.primaryRepresentation.sequence.referenceSequence_x_\"> </a></td><td style=\"vertical-align: top; text-align : left; background-color: #F7F7F7; border: 0px #F0F0F0 solid; padding:0px 4px 0px 4px\" class=\"hierarchy\"/><td style=\"vertical-align: top; text-align : left; background-color: #F7F7F7; border: 0px #F0F0F0 solid; padding:0px 4px 0px 4px\" class=\"hierarchy\">1..1</td><td style=\"vertical-align: top; text-align : left; background-color: #F7F7F7; border: 0px #F0F0F0 solid; padding:0px 4px 0px 4px\" class=\"hierarchy\"/><td style=\"vertical-align: top; text-align : left; background-color: #F7F7F7; border: 0px #F0F0F0 solid; padding:0px 4px 0px 4px\" class=\"hierarchy\">Reference Sequence</td></tr>\r\n<tr style=\"border: 0px #F0F0F0 solid; padding:0px; vertical-align: top; background-color: white\"><td style=\"vertical-align: top; text-align : left; background-color: white; border: 0px #F0F0F0 solid; padding:0px 4px 0px 4px; white-space: nowrap; background-image: url(tbl_bck10110.png)\" class=\"hierarchy\"><img src=\"tbl_spacer.png\" alt=\".\" style=\"background-color: inherit\" class=\"hierarchy\"/><img src=\"tbl_vline.png\" alt=\".\" style=\"background-color: inherit\" class=\"hierarchy\"/><img src=\"tbl_blank.png\" alt=\".\" style=\"background-color: inherit\" class=\"hierarchy\"/><img src=\"tbl_vline.png\" alt=\".\" style=\"background-color: inherit\" class=\"hierarchy\"/><img src=\"tbl_vjoin.png\" alt=\".\" style=\"background-color: inherit\" class=\"hierarchy\"/><img src=\"icon_datatype.gif\" alt=\".\" style=\"background-color: white; background-color: inherit\" title=\"Data Type\" class=\"hierarchy\"/> <span title=\"Datatype to support FHIR Genomics.  This datatype supports representations like GRCH38.p13 Chromosome 1\">referenceSequenceHttp://hl7.org/fhir/uv/cg-model/StructureDefinition/GenomeSequenceDesignation</span></td><td style=\"vertical-align: top; text-align : left; background-color: white; border: 0px #F0F0F0 solid; padding:0px 4px 0px 4px\" class=\"hierarchy\"/><td style=\"vertical-align: top; text-align : left; background-color: white; border: 0px #F0F0F0 solid; padding:0px 4px 0px 4px\" class=\"hierarchy\"></td><td style=\"vertical-align: top; text-align : left; background-color: white; border: 0px #F0F0F0 solid; padding:0px 4px 0px 4px\" class=\"hierarchy\"><a href=\"StructureDefinition-GenomeSequenceDesignation.html\">http://hl7.org/fhir/uv/cg-model/StructureDefinition/GenomeSequenceDesignation</a></td><td style=\"vertical-align: top; text-align : left; background-color: white; border: 0px #F0F0F0 solid; padding:0px 4px 0px 4px\" class=\"hierarchy\"/></tr>\r\n<tr style=\"border: 0px #F0F0F0 solid; padding:0px; vertical-align: top; background-color: #F7F7F7\"><td style=\"vertical-align: top; text-align : left; background-color: #F7F7F7; border: 0px #F0F0F0 solid; padding:0px 4px 0px 4px; white-space: nowrap; background-image: url(tbl_bck10100.png)\" class=\"hierarchy\"><img src=\"tbl_spacer.png\" alt=\".\" style=\"background-color: inherit\" class=\"hierarchy\"/><img src=\"tbl_vline.png\" alt=\".\" style=\"background-color: inherit\" class=\"hierarchy\"/><img src=\"tbl_blank.png\" alt=\".\" style=\"background-color: inherit\" class=\"hierarchy\"/><img src=\"tbl_vline.png\" alt=\".\" style=\"background-color: inherit\" class=\"hierarchy\"/><img src=\"tbl_vjoin_end.png\" alt=\".\" style=\"background-color: inherit\" class=\"hierarchy\"/><img src=\"icon_datatype.gif\" alt=\".\" style=\"background-color: #F7F7F7; background-color: inherit\" title=\"Data Type\" class=\"hierarchy\"/> <span title=\"Datatype to support FHIR Genomics.  This datatype supports identifier/accession-style representations like GCA_000001405.28\">referenceSequenceHttp://hl7.org/fhir/uv/cg-model/StructureDefinition/IdentifierSequenceDesignation</span></td><td style=\"vertical-align: top; text-align : left; background-color: #F7F7F7; border: 0px #F0F0F0 solid; padding:0px 4px 0px 4px\" class=\"hierarchy\"/><td style=\"vertical-align: top; text-align : left; background-color: #F7F7F7; border: 0px #F0F0F0 solid; padding:0px 4px 0px 4px\" class=\"hierarchy\"></td><td style=\"vertical-align: top; text-align : left; background-color: #F7F7F7; border: 0px #F0F0F0 solid; padding:0px 4px 0px 4px\" class=\"hierarchy\"><a href=\"StructureDefinition-IdentifierSequenceDesignation.html\">http://hl7.org/fhir/uv/cg-model/StructureDefinition/IdentifierSequenceDesignation</a></td><td style=\"vertical-align: top; text-align : left; background-color: #F7F7F7; border: 0px #F0F0F0 solid; padding:0px 4px 0px 4px\" class=\"hierarchy\"/></tr>\r\n<tr style=\"border: 0px #F0F0F0 solid; padding:0px; vertical-align: top; background-color: white\"><td style=\"vertical-align: top; text-align : left; background-color: white; border: 0px #F0F0F0 solid; padding:0px 4px 0px 4px; white-space: nowrap; background-image: url(tbl_bck1010.png)\" class=\"hierarchy\"><img src=\"tbl_spacer.png\" alt=\".\" style=\"background-color: inherit\" class=\"hierarchy\"/><img src=\"tbl_vline.png\" alt=\".\" style=\"background-color: inherit\" class=\"hierarchy\"/><img src=\"tbl_blank.png\" alt=\".\" style=\"background-color: inherit\" class=\"hierarchy\"/><img src=\"tbl_vjoin.png\" alt=\".\" style=\"background-color: inherit\" class=\"hierarchy\"/><img src=\"icon_resource.png\" alt=\".\" style=\"background-color: white; background-color: inherit\" title=\"Resource\" class=\"hierarchy\"/> <a href=\"StructureDefinition-MolecularVariant-definitions.html#MolecularVariant.primaryRepresentation.sequence.interval\" title=\"Coordinates of the variant. Note the interpretation of these coordinates may be subject to system-specific business rules or conventions (e.g., 0-based or 1-based).\">interval</a><a name=\"MolecularVariant.primaryRepresentation.sequence.interval\"> </a></td><td style=\"vertical-align: top; text-align : left; background-color: white; border: 0px #F0F0F0 solid; padding:0px 4px 0px 4px\" class=\"hierarchy\"/><td style=\"vertical-align: top; text-align : left; background-color: white; border: 0px #F0F0F0 solid; padding:0px 4px 0px 4px\" class=\"hierarchy\">1..1</td><td style=\"vertical-align: top; text-align : left; background-color: white; border: 0px #F0F0F0 solid; padding:0px 4px 0px 4px\" class=\"hierarchy\"><a href=\"StructureDefinition-MolecularPreciseInterval.html\">http://hl7.org/fhir/uv/cg-model/StructureDefinition/MolecularPreciseInterval</a></td><td style=\"vertical-align: top; text-align : left; background-color: white; border: 0px #F0F0F0 solid; padding:0px 4px 0px 4px\" class=\"hierarchy\">Interval</td></tr>\r\n<tr style=\"border: 0px #F0F0F0 solid; padding:0px; vertical-align: top; background-color: #F7F7F7\"><td style=\"vertical-align: top; text-align : left; background-color: #F7F7F7; border: 0px #F0F0F0 solid; padding:0px 4px 0px 4px; white-space: nowrap; background-image: url(tbl_bck1010.png)\" class=\"hierarchy\"><img src=\"tbl_spacer.png\" alt=\".\" style=\"background-color: inherit\" class=\"hierarchy\"/><img src=\"tbl_vline.png\" alt=\".\" style=\"background-color: inherit\" class=\"hierarchy\"/><img src=\"tbl_blank.png\" alt=\".\" style=\"background-color: inherit\" class=\"hierarchy\"/><img src=\"tbl_vjoin.png\" alt=\".\" style=\"background-color: inherit\" class=\"hierarchy\"/><img src=\"icon_reference.png\" alt=\".\" style=\"background-color: #F7F7F7; background-color: inherit\" title=\"Reference to another Resource\" class=\"hierarchy\"/> <a href=\"StructureDefinition-MolecularVariant-definitions.html#MolecularVariant.primaryRepresentation.sequence.referenceAllele\" title=\"The allele found in the Reference Sequence at the location specified by Interval.\">referenceAllele</a><a name=\"MolecularVariant.primaryRepresentation.sequence.referenceAllele\"> </a></td><td style=\"vertical-align: top; text-align : left; background-color: #F7F7F7; border: 0px #F0F0F0 solid; padding:0px 4px 0px 4px\" class=\"hierarchy\"/><td style=\"vertical-align: top; text-align : left; background-color: #F7F7F7; border: 0px #F0F0F0 solid; padding:0px 4px 0px 4px\" class=\"hierarchy\">0..1</td><td style=\"vertical-align: top; text-align : left; background-color: #F7F7F7; border: 0px #F0F0F0 solid; padding:0px 4px 0px 4px\" class=\"hierarchy\"><a href=\"http://hl7.org/fhir/R4/references.html\">Reference</a>(<a href=\"StructureDefinition-MolecularSequence.html\">Molecular Sequence</a>)</td><td style=\"vertical-align: top; text-align : left; background-color: #F7F7F7; border: 0px #F0F0F0 solid; padding:0px 4px 0px 4px\" class=\"hierarchy\">Reference Allele</td></tr>\r\n<tr style=\"border: 0px #F0F0F0 solid; padding:0px; vertical-align: top; background-color: white\"><td style=\"vertical-align: top; text-align : left; background-color: white; border: 0px #F0F0F0 solid; padding:0px 4px 0px 4px; white-space: nowrap; background-image: url(tbl_bck1000.png)\" class=\"hierarchy\"><img src=\"tbl_spacer.png\" alt=\".\" style=\"background-color: inherit\" class=\"hierarchy\"/><img src=\"tbl_vline.png\" alt=\".\" style=\"background-color: inherit\" class=\"hierarchy\"/><img src=\"tbl_blank.png\" alt=\".\" style=\"background-color: inherit\" class=\"hierarchy\"/><img src=\"tbl_vjoin_end.png\" alt=\".\" style=\"background-color: inherit\" class=\"hierarchy\"/><img src=\"icon_reference.png\" alt=\".\" style=\"background-color: white; background-color: inherit\" title=\"Reference to another Resource\" class=\"hierarchy\"/> <a href=\"StructureDefinition-MolecularVariant-definitions.html#MolecularVariant.primaryRepresentation.sequence.alternateAllele\" title=\"The state of the sequence at the location specified by Interval, which defines this Variant.\">alternateAllele</a><a name=\"MolecularVariant.primaryRepresentation.sequence.alternateAllele\"> </a></td><td style=\"vertical-align: top; text-align : left; background-color: white; border: 0px #F0F0F0 solid; padding:0px 4px 0px 4px\" class=\"hierarchy\"/><td style=\"vertical-align: top; text-align : left; background-color: white; border: 0px #F0F0F0 solid; padding:0px 4px 0px 4px\" class=\"hierarchy\">1..1</td><td style=\"vertical-align: top; text-align : left; background-color: white; border: 0px #F0F0F0 solid; padding:0px 4px 0px 4px\" class=\"hierarchy\"><a href=\"http://hl7.org/fhir/R4/references.html\">Reference</a>(<a href=\"StructureDefinition-MolecularSequence.html\">Molecular Sequence</a>)</td><td style=\"vertical-align: top; text-align : left; background-color: white; border: 0px #F0F0F0 solid; padding:0px 4px 0px 4px\" class=\"hierarchy\">Alternate Allele</td></tr>\r\n<tr style=\"border: 0px #F0F0F0 solid; padding:0px; vertical-align: top; background-color: #F7F7F7\"><td style=\"vertical-align: top; text-align : left; background-color: #F7F7F7; border: 0px #F0F0F0 solid; padding:0px 4px 0px 4px; white-space: nowrap; background-image: url(tbl_bck11.png)\" class=\"hierarchy\"><img src=\"tbl_spacer.png\" alt=\".\" style=\"background-color: inherit\" class=\"hierarchy\"/><img src=\"tbl_vjoin.png\" alt=\".\" style=\"background-color: inherit\" class=\"hierarchy\"/><img src=\"icon_datatype.gif\" alt=\".\" style=\"background-color: #F7F7F7; background-color: inherit\" title=\"Data Type\" class=\"hierarchy\"/> <a href=\"StructureDefinition-MolecularVariant-definitions.html#MolecularVariant.secondaryRepresentation\" title=\"Alternative representations of the variant that might be considered to be equivalent but which might contain ambiguity or imprecision. Lossless transformations between the Primary and Secondary Representation(s) are not guaranteed.\">secondaryRepresentation</a><a name=\"MolecularVariant.secondaryRepresentation\"> </a></td><td style=\"vertical-align: top; text-align : left; background-color: #F7F7F7; border: 0px #F0F0F0 solid; padding:0px 4px 0px 4px\" class=\"hierarchy\"/><td style=\"vertical-align: top; text-align : left; background-color: #F7F7F7; border: 0px #F0F0F0 solid; padding:0px 4px 0px 4px\" class=\"hierarchy\">0..*</td><td style=\"vertical-align: top; text-align : left; background-color: #F7F7F7; border: 0px #F0F0F0 solid; padding:0px 4px 0px 4px\" class=\"hierarchy\"><a href=\"http://hl7.org/fhir/R4/datatypes.html#BackboneElement\">BackboneElement</a></td><td style=\"vertical-align: top; text-align : left; background-color: #F7F7F7; border: 0px #F0F0F0 solid; padding:0px 4px 0px 4px\" class=\"hierarchy\">Secondary Representation(s)<br/></td></tr>\r\n<tr style=\"border: 0px #F0F0F0 solid; padding:0px; vertical-align: top; background-color: white\"><td style=\"vertical-align: top; text-align : left; background-color: white; border: 0px #F0F0F0 solid; padding:0px 4px 0px 4px; white-space: nowrap; background-image: url(tbl_bck110.png)\" class=\"hierarchy\"><img src=\"tbl_spacer.png\" alt=\".\" style=\"background-color: inherit\" class=\"hierarchy\"/><img src=\"tbl_vline.png\" alt=\".\" style=\"background-color: inherit\" class=\"hierarchy\"/><img src=\"tbl_vjoin.png\" alt=\".\" style=\"background-color: inherit\" class=\"hierarchy\"/><img src=\"icon_datatype.gif\" alt=\".\" style=\"background-color: white; background-color: inherit\" title=\"Data Type\" class=\"hierarchy\"/> <a href=\"StructureDefinition-MolecularVariant-definitions.html#MolecularVariant.secondaryRepresentation.identifier\" title=\"Identifer based representation of a variant. The source of the identifier is specified using the URI recorded in the system attribute.\">identifier</a><a name=\"MolecularVariant.secondaryRepresentation.identifier\"> </a></td><td style=\"vertical-align: top; text-align : left; background-color: white; border: 0px #F0F0F0 solid; padding:0px 4px 0px 4px\" class=\"hierarchy\"/><td style=\"vertical-align: top; text-align : left; background-color: white; border: 0px #F0F0F0 solid; padding:0px 4px 0px 4px\" class=\"hierarchy\">0..1</td><td style=\"vertical-align: top; text-align : left; background-color: white; border: 0px #F0F0F0 solid; padding:0px 4px 0px 4px\" class=\"hierarchy\"><a href=\"http://hl7.org/fhir/R4/datatypes.html#CodeableConcept\">CodeableConcept</a></td><td style=\"vertical-align: top; text-align : left; background-color: white; border: 0px #F0F0F0 solid; padding:0px 4px 0px 4px\" class=\"hierarchy\">Identifer</td></tr>\r\n<tr style=\"border: 0px #F0F0F0 solid; padding:0px; vertical-align: top; background-color: #F7F7F7\"><td style=\"vertical-align: top; text-align : left; background-color: #F7F7F7; border: 0px #F0F0F0 solid; padding:0px 4px 0px 4px; white-space: nowrap; background-image: url(tbl_bck111.png)\" class=\"hierarchy\"><img src=\"tbl_spacer.png\" alt=\".\" style=\"background-color: inherit\" class=\"hierarchy\"/><img src=\"tbl_vline.png\" alt=\".\" style=\"background-color: inherit\" class=\"hierarchy\"/><img src=\"tbl_vjoin.png\" alt=\".\" style=\"background-color: inherit\" class=\"hierarchy\"/><img src=\"icon_datatype.gif\" alt=\".\" style=\"background-color: #F7F7F7; background-color: inherit\" title=\"Data Type\" class=\"hierarchy\"/> <a href=\"StructureDefinition-MolecularVariant-definitions.html#MolecularVariant.secondaryRepresentation.text\" title=\"Text based representation of a variant, including nomenclatures such as HGVS, ISCN, HLA, and pharmacogenetic star alleles.\">text</a><a name=\"MolecularVariant.secondaryRepresentation.text\"> </a></td><td style=\"vertical-align: top; text-align : left; background-color: #F7F7F7; border: 0px #F0F0F0 solid; padding:0px 4px 0px 4px\" class=\"hierarchy\"/><td style=\"vertical-align: top; text-align : left; background-color: #F7F7F7; border: 0px #F0F0F0 solid; padding:0px 4px 0px 4px\" class=\"hierarchy\">0..1</td><td style=\"vertical-align: top; text-align : left; background-color: #F7F7F7; border: 0px #F0F0F0 solid; padding:0px 4px 0px 4px\" class=\"hierarchy\"><a href=\"http://hl7.org/fhir/R4/datatypes.html#BackboneElement\">BackboneElement</a></td><td style=\"vertical-align: top; text-align : left; background-color: #F7F7F7; border: 0px #F0F0F0 solid; padding:0px 4px 0px 4px\" class=\"hierarchy\">Text</td></tr>\r\n<tr style=\"border: 0px #F0F0F0 solid; padding:0px; vertical-align: top; background-color: white\"><td style=\"vertical-align: top; text-align : left; background-color: white; border: 0px #F0F0F0 solid; padding:0px 4px 0px 4px; white-space: nowrap; background-image: url(tbl_bck1110.png)\" class=\"hierarchy\"><img src=\"tbl_spacer.png\" alt=\".\" style=\"background-color: inherit\" class=\"hierarchy\"/><img src=\"tbl_vline.png\" alt=\".\" style=\"background-color: inherit\" class=\"hierarchy\"/><img src=\"tbl_vline.png\" alt=\".\" style=\"background-color: inherit\" class=\"hierarchy\"/><img src=\"tbl_vjoin.png\" alt=\".\" style=\"background-color: inherit\" class=\"hierarchy\"/><img src=\"icon_primitive.png\" alt=\".\" style=\"background-color: white; background-color: inherit\" title=\"Primitive Data Type\" class=\"hierarchy\"/> <a href=\"StructureDefinition-MolecularVariant-definitions.html#MolecularVariant.secondaryRepresentation.text.value\" title=\"Value for the textual representation\">value</a><a name=\"MolecularVariant.secondaryRepresentation.text.value\"> </a></td><td style=\"vertical-align: top; text-align : left; background-color: white; border: 0px #F0F0F0 solid; padding:0px 4px 0px 4px\" class=\"hierarchy\"/><td style=\"vertical-align: top; text-align : left; background-color: white; border: 0px #F0F0F0 solid; padding:0px 4px 0px 4px\" class=\"hierarchy\">1..1</td><td style=\"vertical-align: top; text-align : left; background-color: white; border: 0px #F0F0F0 solid; padding:0px 4px 0px 4px\" class=\"hierarchy\"><a href=\"http://hl7.org/fhir/R4/datatypes.html#string\">string</a></td><td style=\"vertical-align: top; text-align : left; background-color: white; border: 0px #F0F0F0 solid; padding:0px 4px 0px 4px\" class=\"hierarchy\">Value</td></tr>\r\n<tr style=\"border: 0px #F0F0F0 solid; padding:0px; vertical-align: top; background-color: #F7F7F7\"><td style=\"vertical-align: top; text-align : left; background-color: #F7F7F7; border: 0px #F0F0F0 solid; padding:0px 4px 0px 4px; white-space: nowrap; background-image: url(tbl_bck1100.png)\" class=\"hierarchy\"><img src=\"tbl_spacer.png\" alt=\".\" style=\"background-color: inherit\" class=\"hierarchy\"/><img src=\"tbl_vline.png\" alt=\".\" style=\"background-color: inherit\" class=\"hierarchy\"/><img src=\"tbl_vline.png\" alt=\".\" style=\"background-color: inherit\" class=\"hierarchy\"/><img src=\"tbl_vjoin_end.png\" alt=\".\" style=\"background-color: inherit\" class=\"hierarchy\"/><img src=\"icon_datatype.gif\" alt=\".\" style=\"background-color: #F7F7F7; background-color: inherit\" title=\"Data Type\" class=\"hierarchy\"/> <a href=\"StructureDefinition-MolecularVariant-definitions.html#MolecularVariant.secondaryRepresentation.text.system\" title=\"System that defines the nomenclature (including version, if applicable)\">system</a><a name=\"MolecularVariant.secondaryRepresentation.text.system\"> </a></td><td style=\"vertical-align: top; text-align : left; background-color: #F7F7F7; border: 0px #F0F0F0 solid; padding:0px 4px 0px 4px\" class=\"hierarchy\"/><td style=\"vertical-align: top; text-align : left; background-color: #F7F7F7; border: 0px #F0F0F0 solid; padding:0px 4px 0px 4px\" class=\"hierarchy\">1..1</td><td style=\"vertical-align: top; text-align : left; background-color: #F7F7F7; border: 0px #F0F0F0 solid; padding:0px 4px 0px 4px\" class=\"hierarchy\"><a href=\"http://hl7.org/fhir/R4/datatypes.html#CodeableConcept\">CodeableConcept</a></td><td style=\"vertical-align: top; text-align : left; background-color: #F7F7F7; border: 0px #F0F0F0 solid; padding:0px 4px 0px 4px\" class=\"hierarchy\">System</td></tr>\r\n<tr style=\"border: 0px #F0F0F0 solid; padding:0px; vertical-align: top; background-color: white\"><td style=\"vertical-align: top; text-align : left; background-color: white; border: 0px #F0F0F0 solid; padding:0px 4px 0px 4px; white-space: nowrap; background-image: url(tbl_bck101.png)\" class=\"hierarchy\"><img src=\"tbl_spacer.png\" alt=\".\" style=\"background-color: inherit\" class=\"hierarchy\"/><img src=\"tbl_vline.png\" alt=\".\" style=\"background-color: inherit\" class=\"hierarchy\"/><img src=\"tbl_vjoin_end.png\" alt=\".\" style=\"background-color: inherit\" class=\"hierarchy\"/><img src=\"icon_datatype.gif\" alt=\".\" style=\"background-color: white; background-color: inherit\" title=\"Data Type\" class=\"hierarchy\"/> <a href=\"StructureDefinition-MolecularVariant-definitions.html#MolecularVariant.secondaryRepresentation.sequence\" title=\"Sequence based representation of a variant\">sequence</a><a name=\"MolecularVariant.secondaryRepresentation.sequence\"> </a></td><td style=\"vertical-align: top; text-align : left; background-color: white; border: 0px #F0F0F0 solid; padding:0px 4px 0px 4px\" class=\"hierarchy\"/><td style=\"vertical-align: top; text-align : left; background-color: white; border: 0px #F0F0F0 solid; padding:0px 4px 0px 4px\" class=\"hierarchy\">0..1</td><td style=\"vertical-align: top; text-align : left; background-color: white; border: 0px #F0F0F0 solid; padding:0px 4px 0px 4px\" class=\"hierarchy\"><a href=\"http://hl7.org/fhir/R4/datatypes.html#BackboneElement\">BackboneElement</a></td><td style=\"vertical-align: top; text-align : left; background-color: white; border: 0px #F0F0F0 solid; padding:0px 4px 0px 4px\" class=\"hierarchy\">Sequence</td></tr>\r\n<tr style=\"border: 0px #F0F0F0 solid; padding:0px; vertical-align: top; background-color: #F7F7F7\"><td style=\"vertical-align: top; text-align : left; background-color: #F7F7F7; border: 0px #F0F0F0 solid; padding:0px 4px 0px 4px; white-space: nowrap; background-image: url(tbl_bck1010.png)\" class=\"hierarchy\"><img src=\"tbl_spacer.png\" alt=\".\" style=\"background-color: inherit\" class=\"hierarchy\"/><img src=\"tbl_vline.png\" alt=\".\" style=\"background-color: inherit\" class=\"hierarchy\"/><img src=\"tbl_blank.png\" alt=\".\" style=\"background-color: inherit\" class=\"hierarchy\"/><img src=\"tbl_vjoin.png\" alt=\".\" style=\"background-color: inherit\" class=\"hierarchy\"/><img src=\"icon_datatype.gif\" alt=\".\" style=\"background-color: #F7F7F7; background-color: inherit\" title=\"Data Type\" class=\"hierarchy\"/> <a href=\"StructureDefinition-MolecularVariant-definitions.html#MolecularVariant.secondaryRepresentation.sequence.system\" title=\"The system that specifies how this information should be interpreted, since systems may include different business rules governing interpretation (e.g. VCF left shifts while HGVS right shifts)\">system</a><a name=\"MolecularVariant.secondaryRepresentation.sequence.system\"> </a></td><td style=\"vertical-align: top; text-align : left; background-color: #F7F7F7; border: 0px #F0F0F0 solid; padding:0px 4px 0px 4px\" class=\"hierarchy\"/><td style=\"vertical-align: top; text-align : left; background-color: #F7F7F7; border: 0px #F0F0F0 solid; padding:0px 4px 0px 4px\" class=\"hierarchy\">1..1</td><td style=\"vertical-align: top; text-align : left; background-color: #F7F7F7; border: 0px #F0F0F0 solid; padding:0px 4px 0px 4px\" class=\"hierarchy\"><a href=\"http://hl7.org/fhir/R4/datatypes.html#CodeableConcept\">CodeableConcept</a></td><td style=\"vertical-align: top; text-align : left; background-color: #F7F7F7; border: 0px #F0F0F0 solid; padding:0px 4px 0px 4px\" class=\"hierarchy\">System</td></tr>\r\n<tr style=\"border: 0px #F0F0F0 solid; padding:0px; vertical-align: top; background-color: white\"><td style=\"vertical-align: top; text-align : left; background-color: white; border: 0px #F0F0F0 solid; padding:0px 4px 0px 4px; white-space: nowrap; background-image: url(tbl_bck1011.png)\" class=\"hierarchy\"><img src=\"tbl_spacer.png\" alt=\".\" style=\"background-color: inherit\" class=\"hierarchy\"/><img src=\"tbl_vline.png\" alt=\".\" style=\"background-color: inherit\" class=\"hierarchy\"/><img src=\"tbl_blank.png\" alt=\".\" style=\"background-color: inherit\" class=\"hierarchy\"/><img src=\"tbl_vjoin.png\" alt=\".\" style=\"background-color: inherit\" class=\"hierarchy\"/><img src=\"icon_choice.gif\" alt=\".\" style=\"background-color: white; background-color: inherit\" title=\"Choice of Types\" class=\"hierarchy\"/> <a href=\"StructureDefinition-MolecularVariant-definitions.html#MolecularVariant.secondaryRepresentation.sequence.referenceSequence[x]\" title=\"Sequence used as a reference for defining the state expressed by the Variant\">referenceSequence[x]</a><a name=\"MolecularVariant.secondaryRepresentation.sequence.referenceSequence_x_\"> </a></td><td style=\"vertical-align: top; text-align : left; background-color: white; border: 0px #F0F0F0 solid; padding:0px 4px 0px 4px\" class=\"hierarchy\"/><td style=\"vertical-align: top; text-align : left; background-color: white; border: 0px #F0F0F0 solid; padding:0px 4px 0px 4px\" class=\"hierarchy\">1..1</td><td style=\"vertical-align: top; text-align : left; background-color: white; border: 0px #F0F0F0 solid; padding:0px 4px 0px 4px\" class=\"hierarchy\"/><td style=\"vertical-align: top; text-align : left; background-color: white; border: 0px #F0F0F0 solid; padding:0px 4px 0px 4px\" class=\"hierarchy\">Reference Sequence</td></tr>\r\n<tr style=\"border: 0px #F0F0F0 solid; padding:0px; vertical-align: top; background-color: #F7F7F7\"><td style=\"vertical-align: top; text-align : left; background-color: #F7F7F7; border: 0px #F0F0F0 solid; padding:0px 4px 0px 4px; white-space: nowrap; background-image: url(tbl_bck10110.png)\" class=\"hierarchy\"><img src=\"tbl_spacer.png\" alt=\".\" style=\"background-color: inherit\" class=\"hierarchy\"/><img src=\"tbl_vline.png\" alt=\".\" style=\"background-color: inherit\" class=\"hierarchy\"/><img src=\"tbl_blank.png\" alt=\".\" style=\"background-color: inherit\" class=\"hierarchy\"/><img src=\"tbl_vline.png\" alt=\".\" style=\"background-color: inherit\" class=\"hierarchy\"/><img src=\"tbl_vjoin.png\" alt=\".\" style=\"background-color: inherit\" class=\"hierarchy\"/><img src=\"icon_datatype.gif\" alt=\".\" style=\"background-color: #F7F7F7; background-color: inherit\" title=\"Data Type\" class=\"hierarchy\"/> <span title=\"Datatype to support FHIR Genomics.  This datatype supports representations like GRCH38.p13 Chromosome 1\">referenceSequenceHttp://hl7.org/fhir/uv/cg-model/StructureDefinition/GenomeSequenceDesignation</span></td><td style=\"vertical-align: top; text-align : left; background-color: #F7F7F7; border: 0px #F0F0F0 solid; padding:0px 4px 0px 4px\" class=\"hierarchy\"/><td style=\"vertical-align: top; text-align : left; background-color: #F7F7F7; border: 0px #F0F0F0 solid; padding:0px 4px 0px 4px\" class=\"hierarchy\"></td><td style=\"vertical-align: top; text-align : left; background-color: #F7F7F7; border: 0px #F0F0F0 solid; padding:0px 4px 0px 4px\" class=\"hierarchy\"><a href=\"StructureDefinition-GenomeSequenceDesignation.html\">http://hl7.org/fhir/uv/cg-model/StructureDefinition/GenomeSequenceDesignation</a></td><td style=\"vertical-align: top; text-align : left; background-color: #F7F7F7; border: 0px #F0F0F0 solid; padding:0px 4px 0px 4px\" class=\"hierarchy\"/></tr>\r\n<tr style=\"border: 0px #F0F0F0 solid; padding:0px; vertical-align: top; background-color: white\"><td style=\"vertical-align: top; text-align : left; background-color: white; border: 0px #F0F0F0 solid; padding:0px 4px 0px 4px; white-space: nowrap; background-image: url(tbl_bck10100.png)\" class=\"hierarchy\"><img src=\"tbl_spacer.png\" alt=\".\" style=\"background-color: inherit\" class=\"hierarchy\"/><img src=\"tbl_vline.png\" alt=\".\" style=\"background-color: inherit\" class=\"hierarchy\"/><img src=\"tbl_blank.png\" alt=\".\" style=\"background-color: inherit\" class=\"hierarchy\"/><img src=\"tbl_vline.png\" alt=\".\" style=\"background-color: inherit\" class=\"hierarchy\"/><img src=\"tbl_vjoin_end.png\" alt=\".\" style=\"background-color: inherit\" class=\"hierarchy\"/><img src=\"icon_datatype.gif\" alt=\".\" style=\"background-color: white; background-color: inherit\" title=\"Data Type\" class=\"hierarchy\"/> <span title=\"Datatype to support FHIR Genomics.  This datatype supports identifier/accession-style representations like GCA_000001405.28\">referenceSequenceHttp://hl7.org/fhir/uv/cg-model/StructureDefinition/IdentifierSequenceDesignation</span></td><td style=\"vertical-align: top; text-align : left; background-color: white; border: 0px #F0F0F0 solid; padding:0px 4px 0px 4px\" class=\"hierarchy\"/><td style=\"vertical-align: top; text-align : left; background-color: white; border: 0px #F0F0F0 solid; padding:0px 4px 0px 4px\" class=\"hierarchy\"></td><td style=\"vertical-align: top; text-align : left; background-color: white; border: 0px #F0F0F0 solid; padding:0px 4px 0px 4px\" class=\"hierarchy\"><a href=\"StructureDefinition-IdentifierSequenceDesignation.html\">http://hl7.org/fhir/uv/cg-model/StructureDefinition/IdentifierSequenceDesignation</a></td><td style=\"vertical-align: top; text-align : left; background-color: white; border: 0px #F0F0F0 solid; padding:0px 4px 0px 4px\" class=\"hierarchy\"/></tr>\r\n<tr style=\"border: 0px #F0F0F0 solid; padding:0px; vertical-align: top; background-color: #F7F7F7\"><td style=\"vertical-align: top; text-align : left; background-color: #F7F7F7; border: 0px #F0F0F0 solid; padding:0px 4px 0px 4px; white-space: nowrap; background-image: url(tbl_bck1010.png)\" class=\"hierarchy\"><img src=\"tbl_spacer.png\" alt=\".\" style=\"background-color: inherit\" class=\"hierarchy\"/><img src=\"tbl_vline.png\" alt=\".\" style=\"background-color: inherit\" class=\"hierarchy\"/><img src=\"tbl_blank.png\" alt=\".\" style=\"background-color: inherit\" class=\"hierarchy\"/><img src=\"tbl_vjoin.png\" alt=\".\" style=\"background-color: inherit\" class=\"hierarchy\"/><img src=\"icon_resource.png\" alt=\".\" style=\"background-color: #F7F7F7; background-color: inherit\" title=\"Resource\" class=\"hierarchy\"/> <a href=\"StructureDefinition-MolecularVariant-definitions.html#MolecularVariant.secondaryRepresentation.sequence.interval\" title=\"Coordinates of the variant. Note the interpretation of these coordinates may be subject to system-specific business rules or conventions (e.g., 0-based or 1-based).\">interval</a><a name=\"MolecularVariant.secondaryRepresentation.sequence.interval\"> </a></td><td style=\"vertical-align: top; text-align : left; background-color: #F7F7F7; border: 0px #F0F0F0 solid; padding:0px 4px 0px 4px\" class=\"hierarchy\"/><td style=\"vertical-align: top; text-align : left; background-color: #F7F7F7; border: 0px #F0F0F0 solid; padding:0px 4px 0px 4px\" class=\"hierarchy\">1..1</td><td style=\"vertical-align: top; text-align : left; background-color: #F7F7F7; border: 0px #F0F0F0 solid; padding:0px 4px 0px 4px\" class=\"hierarchy\"><a href=\"StructureDefinition-MolecularPreciseInterval.html\">http://hl7.org/fhir/uv/cg-model/StructureDefinition/MolecularPreciseInterval</a></td><td style=\"vertical-align: top; text-align : left; background-color: #F7F7F7; border: 0px #F0F0F0 solid; padding:0px 4px 0px 4px\" class=\"hierarchy\">Interval</td></tr>\r\n<tr style=\"border: 0px #F0F0F0 solid; padding:0px; vertical-align: top; background-color: white\"><td style=\"vertical-align: top; text-align : left; background-color: white; border: 0px #F0F0F0 solid; padding:0px 4px 0px 4px; white-space: nowrap; background-image: url(tbl_bck1010.png)\" class=\"hierarchy\"><img src=\"tbl_spacer.png\" alt=\".\" style=\"background-color: inherit\" class=\"hierarchy\"/><img src=\"tbl_vline.png\" alt=\".\" style=\"background-color: inherit\" class=\"hierarchy\"/><img src=\"tbl_blank.png\" alt=\".\" style=\"background-color: inherit\" class=\"hierarchy\"/><img src=\"tbl_vjoin.png\" alt=\".\" style=\"background-color: inherit\" class=\"hierarchy\"/><img src=\"icon_reference.png\" alt=\".\" style=\"background-color: white; background-color: inherit\" title=\"Reference to another Resource\" class=\"hierarchy\"/> <a href=\"StructureDefinition-MolecularVariant-definitions.html#MolecularVariant.secondaryRepresentation.sequence.referenceAllele\" title=\"The allele found in the Reference Sequence at the location specified by Interval.\">referenceAllele</a><a name=\"MolecularVariant.secondaryRepresentation.sequence.referenceAllele\"> </a></td><td style=\"vertical-align: top; text-align : left; background-color: white; border: 0px #F0F0F0 solid; padding:0px 4px 0px 4px\" class=\"hierarchy\"/><td style=\"vertical-align: top; text-align : left; background-color: white; border: 0px #F0F0F0 solid; padding:0px 4px 0px 4px\" class=\"hierarchy\">0..1</td><td style=\"vertical-align: top; text-align : left; background-color: white; border: 0px #F0F0F0 solid; padding:0px 4px 0px 4px\" class=\"hierarchy\"><a href=\"http://hl7.org/fhir/R4/references.html\">Reference</a>(<a href=\"StructureDefinition-MolecularSequence.html\">Molecular Sequence</a>)</td><td style=\"vertical-align: top; text-align : left; background-color: white; border: 0px #F0F0F0 solid; padding:0px 4px 0px 4px\" class=\"hierarchy\">Reference Allele</td></tr>\r\n<tr style=\"border: 0px #F0F0F0 solid; padding:0px; vertical-align: top; background-color: #F7F7F7\"><td style=\"vertical-align: top; text-align : left; background-color: #F7F7F7; border: 0px #F0F0F0 solid; padding:0px 4px 0px 4px; white-space: nowrap; background-image: url(tbl_bck1000.png)\" class=\"hierarchy\"><img src=\"tbl_spacer.png\" alt=\".\" style=\"background-color: inherit\" class=\"hierarchy\"/><img src=\"tbl_vline.png\" alt=\".\" style=\"background-color: inherit\" class=\"hierarchy\"/><img src=\"tbl_blank.png\" alt=\".\" style=\"background-color: inherit\" class=\"hierarchy\"/><img src=\"tbl_vjoin_end.png\" alt=\".\" style=\"background-color: inherit\" class=\"hierarchy\"/><img src=\"icon_reference.png\" alt=\".\" style=\"background-color: #F7F7F7; background-color: inherit\" title=\"Reference to another Resource\" class=\"hierarchy\"/> <a href=\"StructureDefinition-MolecularVariant-definitions.html#MolecularVariant.secondaryRepresentation.sequence.alternateAllele\" title=\"The state of the sequence at the location specified by Interval, which defines this Variant.\">alternateAllele</a><a name=\"MolecularVariant.secondaryRepresentation.sequence.alternateAllele\"> </a></td><td style=\"vertical-align: top; text-align : left; background-color: #F7F7F7; border: 0px #F0F0F0 solid; padding:0px 4px 0px 4px\" class=\"hierarchy\"/><td style=\"vertical-align: top; text-align : left; background-color: #F7F7F7; border: 0px #F0F0F0 solid; padding:0px 4px 0px 4px\" class=\"hierarchy\">1..1</td><td style=\"vertical-align: top; text-align : left; background-color: #F7F7F7; border: 0px #F0F0F0 solid; padding:0px 4px 0px 4px\" class=\"hierarchy\"><a href=\"http://hl7.org/fhir/R4/references.html\">Reference</a>(<a href=\"StructureDefinition-MolecularSequence.html\">Molecular Sequence</a>)</td><td style=\"vertical-align: top; text-align : left; background-color: #F7F7F7; border: 0px #F0F0F0 solid; padding:0px 4px 0px 4px\" class=\"hierarchy\">Alternate Allele</td></tr>\r\n<tr style=\"border: 0px #F0F0F0 solid; padding:0px; vertical-align: top; background-color: white\"><td style=\"vertical-align: top; text-align : left; background-color: white; border: 0px #F0F0F0 solid; padding:0px 4px 0px 4px; white-space: nowrap; background-image: url(tbl_bck01.png)\" class=\"hierarchy\"><img src=\"tbl_spacer.png\" alt=\".\" style=\"background-color: inherit\" class=\"hierarchy\"/><img src=\"tbl_vjoin_end.png\" alt=\".\" style=\"background-color: inherit\" class=\"hierarchy\"/><img src=\"icon_datatype.gif\" alt=\".\" style=\"background-color: white; background-color: inherit\" title=\"Data Type\" class=\"hierarchy\"/> <a href=\"StructureDefinition-MolecularVariant-definitions.html#MolecularVariant.relationships\" title=\"Defines a relationship between the source Variant and a target Variant.\">relationships</a><a name=\"MolecularVariant.relationships\"> </a></td><td style=\"vertical-align: top; text-align : left; background-color: white; border: 0px #F0F0F0 solid; padding:0px 4px 0px 4px\" class=\"hierarchy\"/><td style=\"vertical-align: top; text-align : left; background-color: white; border: 0px #F0F0F0 solid; padding:0px 4px 0px 4px\" class=\"hierarchy\">0..*</td><td style=\"vertical-align: top; text-align : left; background-color: white; border: 0px #F0F0F0 solid; padding:0px 4px 0px 4px\" class=\"hierarchy\"><a href=\"http://hl7.org/fhir/R4/datatypes.html#BackboneElement\">BackboneElement</a></td><td style=\"vertical-align: top; text-align : left; background-color: white; border: 0px #F0F0F0 solid; padding:0px 4px 0px 4px\" class=\"hierarchy\">Relationship to another Variant<br/></td></tr>\r\n<tr style=\"border: 0px #F0F0F0 solid; padding:0px; vertical-align: top; background-color: #F7F7F7\"><td style=\"vertical-align: top; text-align : left; background-color: #F7F7F7; border: 0px #F0F0F0 solid; padding:0px 4px 0px 4px; white-space: nowrap; background-image: url(tbl_bck010.png)\" class=\"hierarchy\"><img src=\"tbl_spacer.png\" alt=\".\" style=\"background-color: inherit\" class=\"hierarchy\"/><img src=\"tbl_blank.png\" alt=\".\" style=\"background-color: inherit\" class=\"hierarchy\"/><img src=\"tbl_vjoin.png\" alt=\".\" style=\"background-color: inherit\" class=\"hierarchy\"/><img src=\"icon_datatype.gif\" alt=\".\" style=\"background-color: #F7F7F7; background-color: inherit\" title=\"Data Type\" class=\"hierarchy\"/> <a href=\"StructureDefinition-MolecularVariant-definitions.html#MolecularVariant.relationships.type\" title=\"Type of relationship (e.g., a genomic variant might have a relationship of 'predicted translation to' a variant expressed at the protein level)\">type</a><a name=\"MolecularVariant.relationships.type\"> </a></td><td style=\"vertical-align: top; text-align : left; background-color: #F7F7F7; border: 0px #F0F0F0 solid; padding:0px 4px 0px 4px\" class=\"hierarchy\"/><td style=\"vertical-align: top; text-align : left; background-color: #F7F7F7; border: 0px #F0F0F0 solid; padding:0px 4px 0px 4px\" class=\"hierarchy\">1..1</td><td style=\"vertical-align: top; text-align : left; background-color: #F7F7F7; border: 0px #F0F0F0 solid; padding:0px 4px 0px 4px\" class=\"hierarchy\"><a href=\"http://hl7.org/fhir/R4/datatypes.html#CodeableConcept\">CodeableConcept</a></td><td style=\"vertical-align: top; text-align : left; background-color: #F7F7F7; border: 0px #F0F0F0 solid; padding:0px 4px 0px 4px\" class=\"hierarchy\">Type</td></tr>\r\n<tr style=\"border: 0px #F0F0F0 solid; padding:0px; vertical-align: top; background-color: white\"><td style=\"vertical-align: top; text-align : left; background-color: white; border: 0px #F0F0F0 solid; padding:0px 4px 0px 4px; white-space: nowrap; background-image: url(tbl_bck010.png)\" class=\"hierarchy\"><img src=\"tbl_spacer.png\" alt=\".\" style=\"background-color: inherit\" class=\"hierarchy\"/><img src=\"tbl_blank.png\" alt=\".\" style=\"background-color: inherit\" class=\"hierarchy\"/><img src=\"tbl_vjoin.png\" alt=\".\" style=\"background-color: inherit\" class=\"hierarchy\"/><img src=\"icon_primitive.png\" alt=\".\" style=\"background-color: white; background-color: inherit\" title=\"Primitive Data Type\" class=\"hierarchy\"/> <a href=\"StructureDefinition-MolecularVariant-definitions.html#MolecularVariant.relationships.description\" title=\"Text description of the relationship\">description</a><a name=\"MolecularVariant.relationships.description\"> </a></td><td style=\"vertical-align: top; text-align : left; background-color: white; border: 0px #F0F0F0 solid; padding:0px 4px 0px 4px\" class=\"hierarchy\"/><td style=\"vertical-align: top; text-align : left; background-color: white; border: 0px #F0F0F0 solid; padding:0px 4px 0px 4px\" class=\"hierarchy\">0..1</td><td style=\"vertical-align: top; text-align : left; background-color: white; border: 0px #F0F0F0 solid; padding:0px 4px 0px 4px\" class=\"hierarchy\"><a href=\"http://hl7.org/fhir/R4/datatypes.html#string\">string</a></td><td style=\"vertical-align: top; text-align : left; background-color: white; border: 0px #F0F0F0 solid; padding:0px 4px 0px 4px\" class=\"hierarchy\">Description</td></tr>\r\n<tr style=\"border: 0px #F0F0F0 solid; padding:0px; vertical-align: top; background-color: #F7F7F7\"><td style=\"vertical-align: top; text-align : left; background-color: #F7F7F7; border: 0px #F0F0F0 solid; padding:0px 4px 0px 4px; white-space: nowrap; background-image: url(tbl_bck000.png)\" class=\"hierarchy\"><img src=\"tbl_spacer.png\" alt=\".\" style=\"background-color: inherit\" class=\"hierarchy\"/><img src=\"tbl_blank.png\" alt=\".\" style=\"background-color: inherit\" class=\"hierarchy\"/><img src=\"tbl_vjoin_end.png\" alt=\".\" style=\"background-color: inherit\" class=\"hierarchy\"/><img src=\"icon_reference.png\" alt=\".\" style=\"background-color: #F7F7F7; background-color: inherit\" title=\"Reference to another Resource\" class=\"hierarchy\"/> <a href=\"StructureDefinition-MolecularVariant-definitions.html#MolecularVariant.relationships.relatedVariant\" title=\"Target variant of the relationship\">relatedVariant</a><a name=\"MolecularVariant.relationships.relatedVariant\"> </a></td><td style=\"vertical-align: top; text-align : left; background-color: #F7F7F7; border: 0px #F0F0F0 solid; padding:0px 4px 0px 4px\" class=\"hierarchy\"/><td style=\"vertical-align: top; text-align : left; background-color: #F7F7F7; border: 0px #F0F0F0 solid; padding:0px 4px 0px 4px\" class=\"hierarchy\">1..1</td><td style=\"vertical-align: top; text-align : left; background-color: #F7F7F7; border: 0px #F0F0F0 solid; padding:0px 4px 0px 4px\" class=\"hierarchy\"><a href=\"http://hl7.org/fhir/R4/references.html\">Reference</a>(<a href=\"StructureDefinition-MolecularVariant.html\">Molecular Variant</a>)</td><td style=\"vertical-align: top; text-align : left; background-color: #F7F7F7; border: 0px #F0F0F0 solid; padding:0px 4px 0px 4px\" class=\"hierarchy\">Related Variant</td></tr>\r\n<tr><td colspan=\"5\" class=\"hierarchy\"><br/><a href=\"http://hl7.org/fhir/R4/formats.html#table\" title=\"Legend for this format\"><img src=\"http://hl7.org/fhir/R4/help16.png\" alt=\"doco\" style=\"background-color: inherit\"/> Documentation for this format</a></td></tr></table></div>"
  },
  "url": "http://hl7.org/fhir/uv/cg-model/StructureDefinition/MolecularVariant",
  "version": "0.1.0",
  "name": "MolecularVariant",
  "title": "Molecular Variant",
  "status": "active",
  "date": "2021-09-23T09:28:32-05:00",
  "publisher": "Clinical Genomics",
  "contact": [
    {
      "name": "Clinical Genomics",
      "telecom": [
        {
          "system": "url",
          "value": "http://example.org/example-publisher"
        }
      ]
    }
  ],
  "description": "MolecularVariant resource",
  "fhirVersion": "4.0.1",
  "mapping": [
    {
      "identity": "rim",
      "uri": "http://hl7.org/v3",
      "name": "RIM Mapping"
    }
  ],
  "kind": "logical",
  "abstract": false,
  "type": "http://hl7.org/fhir/uv/cg-model/StructureDefinition/MolecularVariant",
  "baseDefinition": "http://hl7.org/fhir/StructureDefinition/Base",
  "derivation": "specialization",
  "snapshot": {
    "element": [
      {
        "id": "MolecularVariant",
        "path": "MolecularVariant",
        "short": "Molecular Variant",
        "definition": "MolecularVariant resource",
        "min": 0,
        "max": "*",
        "base": {
          "path": "Base",
          "min": 0,
          "max": "*"
        },
        "isModifier": false
      },
      {
        "id": "MolecularVariant.molecularType",
        "path": "MolecularVariant.molecularType",
        "short": "Molecule type",
        "definition": "The type of molecule (e.g., DNA, RNA, protein)",
        "min": 0,
        "max": "1",
        "base": {
          "path": "MolecularVariant.molecularType",
          "min": 0,
          "max": "1"
        },
        "type": [
          {
            "code": "CodeableConcept"
          }
        ]
      },
      {
        "id": "MolecularVariant.primaryRepresentation",
        "path": "MolecularVariant.primaryRepresentation",
        "short": "Primary Representation",
        "definition": "A representation for the Variant that is used as its primary definition.",
        "min": 1,
        "max": "1",
        "base": {
          "path": "MolecularVariant.primaryRepresentation",
          "min": 1,
          "max": "1"
        },
        "type": [
          {
            "code": "BackboneElement"
          }
        ]
      },
      {
        "id": "MolecularVariant.primaryRepresentation.identifier",
        "path": "MolecularVariant.primaryRepresentation.identifier",
        "short": "Identifer",
        "definition": "Identifer based representation of a variant. The source of the identifier is specified using the URI recorded in the system attribute.",
        "min": 0,
        "max": "1",
        "base": {
          "path": "MolecularVariant.primaryRepresentation.identifier",
          "min": 0,
          "max": "1"
        },
        "type": [
          {
            "code": "CodeableConcept"
          }
        ]
      },
      {
        "id": "MolecularVariant.primaryRepresentation.text",
        "path": "MolecularVariant.primaryRepresentation.text",
        "short": "Text",
        "definition": "Text based representation of a variant, including nomenclatures such as HGVS, ISCN, HLA, and pharmacogenetic star alleles.",
        "min": 0,
        "max": "1",
        "base": {
          "path": "MolecularVariant.primaryRepresentation.text",
          "min": 0,
          "max": "1"
        },
        "type": [
          {
            "code": "BackboneElement"
          }
        ]
      },
      {
        "id": "MolecularVariant.primaryRepresentation.text.value",
        "path": "MolecularVariant.primaryRepresentation.text.value",
        "short": "Value",
        "definition": "Value for the textual representation",
        "min": 1,
        "max": "1",
        "base": {
          "path": "MolecularVariant.primaryRepresentation.text.value",
          "min": 1,
          "max": "1"
        },
        "type": [
          {
            "code": "string"
          }
        ]
      },
      {
        "id": "MolecularVariant.primaryRepresentation.text.system",
        "path": "MolecularVariant.primaryRepresentation.text.system",
        "short": "System",
        "definition": "System that defines the nomenclature (including version, if applicable)",
        "min": 1,
        "max": "1",
        "base": {
          "path": "MolecularVariant.primaryRepresentation.text.system",
          "min": 1,
          "max": "1"
        },
        "type": [
          {
            "code": "CodeableConcept"
          }
        ]
      },
      {
        "id": "MolecularVariant.primaryRepresentation.sequence",
        "path": "MolecularVariant.primaryRepresentation.sequence",
        "short": "Sequence",
        "definition": "Sequence based representation of a variant",
        "min": 0,
        "max": "1",
        "base": {
          "path": "MolecularVariant.primaryRepresentation.sequence",
          "min": 0,
          "max": "1"
        },
        "type": [
          {
            "code": "BackboneElement"
          }
        ]
      },
      {
        "id": "MolecularVariant.primaryRepresentation.sequence.system",
        "path": "MolecularVariant.primaryRepresentation.sequence.system",
        "short": "System",
        "definition": "The system that specifies how this information should be interpreted, since systems may include different business rules governing interpretation (e.g. VCF left shifts while HGVS right shifts)",
        "min": 1,
        "max": "1",
        "base": {
          "path": "MolecularVariant.primaryRepresentation.sequence.system",
          "min": 1,
          "max": "1"
        },
        "type": [
          {
            "code": "CodeableConcept"
          }
        ]
      },
      {
        "id": "MolecularVariant.primaryRepresentation.sequence.referenceSequence[x]",
        "path": "MolecularVariant.primaryRepresentation.sequence.referenceSequence[x]",
        "short": "Reference Sequence",
        "definition": "Sequence used as a reference for defining the state expressed by the Variant",
        "min": 1,
        "max": "1",
        "base": {
          "path": "MolecularVariant.primaryRepresentation.sequence.referenceSequence[x]",
          "min": 1,
          "max": "1"
        },
        "type": [
          {
            "code": "http://hl7.org/fhir/uv/cg-model/StructureDefinition/GenomeSequenceDesignation"
          },
          {
            "code": "http://hl7.org/fhir/uv/cg-model/StructureDefinition/IdentifierSequenceDesignation"
          }
        ]
      },
      {
        "id": "MolecularVariant.primaryRepresentation.sequence.interval",
        "path": "MolecularVariant.primaryRepresentation.sequence.interval",
        "short": "Interval",
        "definition": "Coordinates of the variant. Note the interpretation of these coordinates may be subject to system-specific business rules or conventions (e.g., 0-based or 1-based).",
        "min": 1,
        "max": "1",
        "base": {
          "path": "MolecularVariant.primaryRepresentation.sequence.interval",
          "min": 1,
          "max": "1"
        },
        "type": [
          {
            "code": "http://hl7.org/fhir/uv/cg-model/StructureDefinition/MolecularPreciseInterval"
          }
        ]
      },
      {
        "id": "MolecularVariant.primaryRepresentation.sequence.referenceAllele",
        "path": "MolecularVariant.primaryRepresentation.sequence.referenceAllele",
        "short": "Reference Allele",
        "definition": "The allele found in the Reference Sequence at the location specified by Interval.",
        "min": 0,
        "max": "1",
        "base": {
          "path": "MolecularVariant.primaryRepresentation.sequence.referenceAllele",
          "min": 0,
          "max": "1"
        },
        "type": [
          {
            "code": "Reference",
            "targetProfile": [
              "http://hl7.org/fhir/uv/cg-model/StructureDefinition/MolecularSequence"
            ]
          }
        ]
      },
      {
        "id": "MolecularVariant.primaryRepresentation.sequence.alternateAllele",
        "path": "MolecularVariant.primaryRepresentation.sequence.alternateAllele",
        "short": "Alternate Allele",
        "definition": "The state of the sequence at the location specified by Interval, which defines this Variant.",
        "min": 1,
        "max": "1",
        "base": {
          "path": "MolecularVariant.primaryRepresentation.sequence.alternateAllele",
          "min": 1,
          "max": "1"
        },
        "type": [
          {
            "code": "Reference",
            "targetProfile": [
              "http://hl7.org/fhir/uv/cg-model/StructureDefinition/MolecularSequence"
            ]
          }
        ]
      },
      {
        "id": "MolecularVariant.secondaryRepresentation",
        "path": "MolecularVariant.secondaryRepresentation",
        "short": "Secondary Representation(s)",
        "definition": "Alternative representations of the variant that might be considered to be equivalent but which might contain ambiguity or imprecision. Lossless transformations between the Primary and Secondary Representation(s) are not guaranteed.",
        "min": 0,
        "max": "*",
        "base": {
          "path": "MolecularVariant.secondaryRepresentation",
          "min": 0,
          "max": "*"
        },
        "type": [
          {
            "code": "BackboneElement"
          }
        ]
      },
      {
        "id": "MolecularVariant.secondaryRepresentation.identifier",
        "path": "MolecularVariant.secondaryRepresentation.identifier",
        "short": "Identifer",
        "definition": "Identifer based representation of a variant. The source of the identifier is specified using the URI recorded in the system attribute.",
        "min": 0,
        "max": "1",
        "base": {
          "path": "MolecularVariant.secondaryRepresentation.identifier",
          "min": 0,
          "max": "1"
        },
        "type": [
          {
            "code": "CodeableConcept"
          }
        ]
      },
      {
        "id": "MolecularVariant.secondaryRepresentation.text",
        "path": "MolecularVariant.secondaryRepresentation.text",
        "short": "Text",
        "definition": "Text based representation of a variant, including nomenclatures such as HGVS, ISCN, HLA, and pharmacogenetic star alleles.",
        "min": 0,
        "max": "1",
        "base": {
          "path": "MolecularVariant.secondaryRepresentation.text",
          "min": 0,
          "max": "1"
        },
        "type": [
          {
            "code": "BackboneElement"
          }
        ]
      },
      {
        "id": "MolecularVariant.secondaryRepresentation.text.value",
        "path": "MolecularVariant.secondaryRepresentation.text.value",
        "short": "Value",
        "definition": "Value for the textual representation",
        "min": 1,
        "max": "1",
        "base": {
          "path": "MolecularVariant.secondaryRepresentation.text.value",
          "min": 1,
          "max": "1"
        },
        "type": [
          {
            "code": "string"
          }
        ]
      },
      {
        "id": "MolecularVariant.secondaryRepresentation.text.system",
        "path": "MolecularVariant.secondaryRepresentation.text.system",
        "short": "System",
        "definition": "System that defines the nomenclature (including version, if applicable)",
        "min": 1,
        "max": "1",
        "base": {
          "path": "MolecularVariant.secondaryRepresentation.text.system",
          "min": 1,
          "max": "1"
        },
        "type": [
          {
            "code": "CodeableConcept"
          }
        ]
      },
      {
        "id": "MolecularVariant.secondaryRepresentation.sequence",
        "path": "MolecularVariant.secondaryRepresentation.sequence",
        "short": "Sequence",
        "definition": "Sequence based representation of a variant",
        "min": 0,
        "max": "1",
        "base": {
          "path": "MolecularVariant.secondaryRepresentation.sequence",
          "min": 0,
          "max": "1"
        },
        "type": [
          {
            "code": "BackboneElement"
          }
        ]
      },
      {
        "id": "MolecularVariant.secondaryRepresentation.sequence.system",
        "path": "MolecularVariant.secondaryRepresentation.sequence.system",
        "short": "System",
        "definition": "The system that specifies how this information should be interpreted, since systems may include different business rules governing interpretation (e.g. VCF left shifts while HGVS right shifts)",
        "min": 1,
        "max": "1",
        "base": {
          "path": "MolecularVariant.secondaryRepresentation.sequence.system",
          "min": 1,
          "max": "1"
        },
        "type": [
          {
            "code": "CodeableConcept"
          }
        ]
      },
      {
        "id": "MolecularVariant.secondaryRepresentation.sequence.referenceSequence[x]",
        "path": "MolecularVariant.secondaryRepresentation.sequence.referenceSequence[x]",
        "short": "Reference Sequence",
        "definition": "Sequence used as a reference for defining the state expressed by the Variant",
        "min": 1,
        "max": "1",
        "base": {
          "path": "MolecularVariant.secondaryRepresentation.sequence.referenceSequence[x]",
          "min": 1,
          "max": "1"
        },
        "type": [
          {
            "code": "http://hl7.org/fhir/uv/cg-model/StructureDefinition/GenomeSequenceDesignation"
          },
          {
            "code": "http://hl7.org/fhir/uv/cg-model/StructureDefinition/IdentifierSequenceDesignation"
          }
        ]
      },
      {
        "id": "MolecularVariant.secondaryRepresentation.sequence.interval",
        "path": "MolecularVariant.secondaryRepresentation.sequence.interval",
        "short": "Interval",
        "definition": "Coordinates of the variant. Note the interpretation of these coordinates may be subject to system-specific business rules or conventions (e.g., 0-based or 1-based).",
        "min": 1,
        "max": "1",
        "base": {
          "path": "MolecularVariant.secondaryRepresentation.sequence.interval",
          "min": 1,
          "max": "1"
        },
        "type": [
          {
            "code": "http://hl7.org/fhir/uv/cg-model/StructureDefinition/MolecularPreciseInterval"
          }
        ]
      },
      {
        "id": "MolecularVariant.secondaryRepresentation.sequence.referenceAllele",
        "path": "MolecularVariant.secondaryRepresentation.sequence.referenceAllele",
        "short": "Reference Allele",
        "definition": "The allele found in the Reference Sequence at the location specified by Interval.",
        "min": 0,
        "max": "1",
        "base": {
          "path": "MolecularVariant.secondaryRepresentation.sequence.referenceAllele",
          "min": 0,
          "max": "1"
        },
        "type": [
          {
            "code": "Reference",
            "targetProfile": [
              "http://hl7.org/fhir/uv/cg-model/StructureDefinition/MolecularSequence"
            ]
          }
        ]
      },
      {
        "id": "MolecularVariant.secondaryRepresentation.sequence.alternateAllele",
        "path": "MolecularVariant.secondaryRepresentation.sequence.alternateAllele",
        "short": "Alternate Allele",
        "definition": "The state of the sequence at the location specified by Interval, which defines this Variant.",
        "min": 1,
        "max": "1",
        "base": {
          "path": "MolecularVariant.secondaryRepresentation.sequence.alternateAllele",
          "min": 1,
          "max": "1"
        },
        "type": [
          {
            "code": "Reference",
            "targetProfile": [
              "http://hl7.org/fhir/uv/cg-model/StructureDefinition/MolecularSequence"
            ]
          }
        ]
      },
      {
        "id": "MolecularVariant.relationships",
        "path": "MolecularVariant.relationships",
        "short": "Relationship to another Variant",
        "definition": "Defines a relationship between the source Variant and a target Variant.",
        "min": 0,
        "max": "*",
        "base": {
          "path": "MolecularVariant.relationships",
          "min": 0,
          "max": "*"
        },
        "type": [
          {
            "code": "BackboneElement"
          }
        ]
      },
      {
        "id": "MolecularVariant.relationships.type",
        "path": "MolecularVariant.relationships.type",
        "short": "Type",
        "definition": "Type of relationship (e.g., a genomic variant might have a relationship of 'predicted translation to' a variant expressed at the protein level)",
        "min": 1,
        "max": "1",
        "base": {
          "path": "MolecularVariant.relationships.type",
          "min": 1,
          "max": "1"
        },
        "type": [
          {
            "code": "CodeableConcept"
          }
        ]
      },
      {
        "id": "MolecularVariant.relationships.description",
        "path": "MolecularVariant.relationships.description",
        "short": "Description",
        "definition": "Text description of the relationship",
        "min": 0,
        "max": "1",
        "base": {
          "path": "MolecularVariant.relationships.description",
          "min": 0,
          "max": "1"
        },
        "type": [
          {
            "code": "string"
          }
        ]
      },
      {
        "id": "MolecularVariant.relationships.relatedVariant",
        "path": "MolecularVariant.relationships.relatedVariant",
        "short": "Related Variant",
        "definition": "Target variant of the relationship",
        "min": 1,
        "max": "1",
        "base": {
          "path": "MolecularVariant.relationships.relatedVariant",
          "min": 1,
          "max": "1"
        },
        "type": [
          {
            "code": "Reference",
            "targetProfile": [
              "http://hl7.org/fhir/uv/cg-model/StructureDefinition/MolecularVariant"
            ]
          }
        ]
      }
    ]
  },
  "differential": {
    "element": [
      {
        "id": "MolecularVariant",
        "path": "MolecularVariant",
        "short": "Molecular Variant",
        "definition": "MolecularVariant resource"
      },
      {
        "id": "MolecularVariant.molecularType",
        "path": "MolecularVariant.molecularType",
        "short": "Molecule type",
        "definition": "The type of molecule (e.g., DNA, RNA, protein)",
        "min": 0,
        "max": "1",
        "type": [
          {
            "code": "CodeableConcept"
          }
        ]
      },
      {
        "id": "MolecularVariant.primaryRepresentation",
        "path": "MolecularVariant.primaryRepresentation",
        "short": "Primary Representation",
        "definition": "A representation for the Variant that is used as its primary definition.",
        "min": 1,
        "max": "1",
        "type": [
          {
            "code": "BackboneElement"
          }
        ]
      },
      {
        "id": "MolecularVariant.primaryRepresentation.identifier",
        "path": "MolecularVariant.primaryRepresentation.identifier",
        "short": "Identifer",
        "definition": "Identifer based representation of a variant. The source of the identifier is specified using the URI recorded in the system attribute.",
        "min": 0,
        "max": "1",
        "type": [
          {
            "code": "CodeableConcept"
          }
        ]
      },
      {
        "id": "MolecularVariant.primaryRepresentation.text",
        "path": "MolecularVariant.primaryRepresentation.text",
        "short": "Text",
        "definition": "Text based representation of a variant, including nomenclatures such as HGVS, ISCN, HLA, and pharmacogenetic star alleles.",
        "min": 0,
        "max": "1",
        "type": [
          {
            "code": "BackboneElement"
          }
        ]
      },
      {
        "id": "MolecularVariant.primaryRepresentation.text.value",
        "path": "MolecularVariant.primaryRepresentation.text.value",
        "short": "Value",
        "definition": "Value for the textual representation",
        "min": 1,
        "max": "1",
        "type": [
          {
            "code": "string"
          }
        ]
      },
      {
        "id": "MolecularVariant.primaryRepresentation.text.system",
        "path": "MolecularVariant.primaryRepresentation.text.system",
        "short": "System",
        "definition": "System that defines the nomenclature (including version, if applicable)",
        "min": 1,
        "max": "1",
        "type": [
          {
            "code": "CodeableConcept"
          }
        ]
      },
      {
        "id": "MolecularVariant.primaryRepresentation.sequence",
        "path": "MolecularVariant.primaryRepresentation.sequence",
        "short": "Sequence",
        "definition": "Sequence based representation of a variant",
        "min": 0,
        "max": "1",
        "type": [
          {
            "code": "BackboneElement"
          }
        ]
      },
      {
        "id": "MolecularVariant.primaryRepresentation.sequence.system",
        "path": "MolecularVariant.primaryRepresentation.sequence.system",
        "short": "System",
        "definition": "The system that specifies how this information should be interpreted, since systems may include different business rules governing interpretation (e.g. VCF left shifts while HGVS right shifts)",
        "min": 1,
        "max": "1",
        "type": [
          {
            "code": "CodeableConcept"
          }
        ]
      },
      {
        "id": "MolecularVariant.primaryRepresentation.sequence.referenceSequence[x]",
        "path": "MolecularVariant.primaryRepresentation.sequence.referenceSequence[x]",
        "short": "Reference Sequence",
        "definition": "Sequence used as a reference for defining the state expressed by the Variant",
        "min": 1,
        "max": "1",
        "type": [
          {
            "code": "http://hl7.org/fhir/uv/cg-model/StructureDefinition/GenomeSequenceDesignation"
          },
          {
            "code": "http://hl7.org/fhir/uv/cg-model/StructureDefinition/IdentifierSequenceDesignation"
          }
        ]
      },
      {
        "id": "MolecularVariant.primaryRepresentation.sequence.interval",
        "path": "MolecularVariant.primaryRepresentation.sequence.interval",
        "short": "Interval",
        "definition": "Coordinates of the variant. Note the interpretation of these coordinates may be subject to system-specific business rules or conventions (e.g., 0-based or 1-based).",
        "min": 1,
        "max": "1",
        "type": [
          {
            "code": "http://hl7.org/fhir/uv/cg-model/StructureDefinition/MolecularPreciseInterval"
          }
        ]
      },
      {
        "id": "MolecularVariant.primaryRepresentation.sequence.referenceAllele",
        "path": "MolecularVariant.primaryRepresentation.sequence.referenceAllele",
        "short": "Reference Allele",
        "definition": "The allele found in the Reference Sequence at the location specified by Interval.",
        "min": 0,
        "max": "1",
        "type": [
          {
            "code": "Reference",
            "targetProfile": [
              "http://hl7.org/fhir/uv/cg-model/StructureDefinition/MolecularSequence"
            ]
          }
        ]
      },
      {
        "id": "MolecularVariant.primaryRepresentation.sequence.alternateAllele",
        "path": "MolecularVariant.primaryRepresentation.sequence.alternateAllele",
        "short": "Alternate Allele",
        "definition": "The state of the sequence at the location specified by Interval, which defines this Variant.",
        "min": 1,
        "max": "1",
        "type": [
          {
            "code": "Reference",
            "targetProfile": [
              "http://hl7.org/fhir/uv/cg-model/StructureDefinition/MolecularSequence"
            ]
          }
        ]
      },
      {
        "id": "MolecularVariant.secondaryRepresentation",
        "path": "MolecularVariant.secondaryRepresentation",
        "short": "Secondary Representation(s)",
        "definition": "Alternative representations of the variant that might be considered to be equivalent but which might contain ambiguity or imprecision. Lossless transformations between the Primary and Secondary Representation(s) are not guaranteed.",
        "min": 0,
        "max": "*",
        "type": [
          {
            "code": "BackboneElement"
          }
        ]
      },
      {
        "id": "MolecularVariant.secondaryRepresentation.identifier",
        "path": "MolecularVariant.secondaryRepresentation.identifier",
        "short": "Identifer",
        "definition": "Identifer based representation of a variant. The source of the identifier is specified using the URI recorded in the system attribute.",
        "min": 0,
        "max": "1",
        "type": [
          {
            "code": "CodeableConcept"
          }
        ]
      },
      {
        "id": "MolecularVariant.secondaryRepresentation.text",
        "path": "MolecularVariant.secondaryRepresentation.text",
        "short": "Text",
        "definition": "Text based representation of a variant, including nomenclatures such as HGVS, ISCN, HLA, and pharmacogenetic star alleles.",
        "min": 0,
        "max": "1",
        "type": [
          {
            "code": "BackboneElement"
          }
        ]
      },
      {
        "id": "MolecularVariant.secondaryRepresentation.text.value",
        "path": "MolecularVariant.secondaryRepresentation.text.value",
        "short": "Value",
        "definition": "Value for the textual representation",
        "min": 1,
        "max": "1",
        "type": [
          {
            "code": "string"
          }
        ]
      },
      {
        "id": "MolecularVariant.secondaryRepresentation.text.system",
        "path": "MolecularVariant.secondaryRepresentation.text.system",
        "short": "System",
        "definition": "System that defines the nomenclature (including version, if applicable)",
        "min": 1,
        "max": "1",
        "type": [
          {
            "code": "CodeableConcept"
          }
        ]
      },
      {
        "id": "MolecularVariant.secondaryRepresentation.sequence",
        "path": "MolecularVariant.secondaryRepresentation.sequence",
        "short": "Sequence",
        "definition": "Sequence based representation of a variant",
        "min": 0,
        "max": "1",
        "type": [
          {
            "code": "BackboneElement"
          }
        ]
      },
      {
        "id": "MolecularVariant.secondaryRepresentation.sequence.system",
        "path": "MolecularVariant.secondaryRepresentation.sequence.system",
        "short": "System",
        "definition": "The system that specifies how this information should be interpreted, since systems may include different business rules governing interpretation (e.g. VCF left shifts while HGVS right shifts)",
        "min": 1,
        "max": "1",
        "type": [
          {
            "code": "CodeableConcept"
          }
        ]
      },
      {
        "id": "MolecularVariant.secondaryRepresentation.sequence.referenceSequence[x]",
        "path": "MolecularVariant.secondaryRepresentation.sequence.referenceSequence[x]",
        "short": "Reference Sequence",
        "definition": "Sequence used as a reference for defining the state expressed by the Variant",
        "min": 1,
        "max": "1",
        "type": [
          {
            "code": "http://hl7.org/fhir/uv/cg-model/StructureDefinition/GenomeSequenceDesignation"
          },
          {
            "code": "http://hl7.org/fhir/uv/cg-model/StructureDefinition/IdentifierSequenceDesignation"
          }
        ]
      },
      {
        "id": "MolecularVariant.secondaryRepresentation.sequence.interval",
        "path": "MolecularVariant.secondaryRepresentation.sequence.interval",
        "short": "Interval",
        "definition": "Coordinates of the variant. Note the interpretation of these coordinates may be subject to system-specific business rules or conventions (e.g., 0-based or 1-based).",
        "min": 1,
        "max": "1",
        "type": [
          {
            "code": "http://hl7.org/fhir/uv/cg-model/StructureDefinition/MolecularPreciseInterval"
          }
        ]
      },
      {
        "id": "MolecularVariant.secondaryRepresentation.sequence.referenceAllele",
        "path": "MolecularVariant.secondaryRepresentation.sequence.referenceAllele",
        "short": "Reference Allele",
        "definition": "The allele found in the Reference Sequence at the location specified by Interval.",
        "min": 0,
        "max": "1",
        "type": [
          {
            "code": "Reference",
            "targetProfile": [
              "http://hl7.org/fhir/uv/cg-model/StructureDefinition/MolecularSequence"
            ]
          }
        ]
      },
      {
        "id": "MolecularVariant.secondaryRepresentation.sequence.alternateAllele",
        "path": "MolecularVariant.secondaryRepresentation.sequence.alternateAllele",
        "short": "Alternate Allele",
        "definition": "The state of the sequence at the location specified by Interval, which defines this Variant.",
        "min": 1,
        "max": "1",
        "type": [
          {
            "code": "Reference",
            "targetProfile": [
              "http://hl7.org/fhir/uv/cg-model/StructureDefinition/MolecularSequence"
            ]
          }
        ]
      },
      {
        "id": "MolecularVariant.relationships",
        "path": "MolecularVariant.relationships",
        "short": "Relationship to another Variant",
        "definition": "Defines a relationship between the source Variant and a target Variant.",
        "min": 0,
        "max": "*",
        "type": [
          {
            "code": "BackboneElement"
          }
        ]
      },
      {
        "id": "MolecularVariant.relationships.type",
        "path": "MolecularVariant.relationships.type",
        "short": "Type",
        "definition": "Type of relationship (e.g., a genomic variant might have a relationship of 'predicted translation to' a variant expressed at the protein level)",
        "min": 1,
        "max": "1",
        "type": [
          {
            "code": "CodeableConcept"
          }
        ]
      },
      {
        "id": "MolecularVariant.relationships.description",
        "path": "MolecularVariant.relationships.description",
        "short": "Description",
        "definition": "Text description of the relationship",
        "min": 0,
        "max": "1",
        "type": [
          {
            "code": "string"
          }
        ]
      },
      {
        "id": "MolecularVariant.relationships.relatedVariant",
        "path": "MolecularVariant.relationships.relatedVariant",
        "short": "Related Variant",
        "definition": "Target variant of the relationship",
        "min": 1,
        "max": "1",
        "type": [
          {
            "code": "Reference",
            "targetProfile": [
              "http://hl7.org/fhir/uv/cg-model/StructureDefinition/MolecularVariant"
            ]
          }
        ]
      }
    ]
  }
}