<?xml version="1.0" encoding="UTF-8"?><Bundle xmlns="http://hl7.org/fhir"><type value="collection"/><entry><resource><OperationOutcome><issue><extension url="http://hl7.org/fhir/StructureDefinition/operationoutcome-issue-source"><valueCode value="Publisher"/></extension><severity value="error"/><code value="not-found"/><details><text value="Supressed messages file not found"/></details><expression value="ImplementationGuide.definition.parameter[23].value"/></issue></OperationOutcome></resource></entry><entry><resource><OperationOutcome><extension url="http://hl7.org/fhir/StructureDefinition/operationoutcome-file"><valueString value="/Users/kmpower/Documents/GitHub/HL7-CG-Models/fsh-generated/resources/ImplementationGuide-hl7.fhir.uv.cg-model"/></extension><issue><extension url="http://hl7.org/fhir/StructureDefinition/operationoutcome-issue-source"><valueCode value="Publisher"/></extension><severity value="warning"/><code value="business-rule"/><details><text value="The resource should declare its jurisdiction to match the package id (hl7.fhir.uv.cg-model, jurisdiction = http://unstats.un.org/unsd/methods/m49/m49.htm#001: World) (for FSH: &#39;jurisdiction: http://unstats.un.org/unsd/methods/m49/m49.htm#001 &quot;World&quot;&#39;)"/></details><expression value="ImplementationGuide.jurisdiction"/></issue></OperationOutcome></resource></entry><entry><resource><OperationOutcome><extension url="http://hl7.org/fhir/StructureDefinition/operationoutcome-file"><valueString value="/Users/kmpower/Documents/GitHub/HL7-CG-Models/fsh-generated/resources/structuredefinition-GenomeSequenceDesignation"/></extension><issue><extension url="http://hl7.org/fhir/StructureDefinition/operationoutcome-issue-source"><valueCode value="InstanceValidator"/></extension><severity value="error"/><code value="structure"/><details><text value="Canonical URL &#39;http://hl7.org/fhir/StructureDefinition/Base&#39; does not resolve"/></details><expression value="StructureDefinition/GenomeSequenceDesignation: StructureDefinition.baseDefinition"/></issue><issue><extension url="http://hl7.org/fhir/StructureDefinition/operationoutcome-issue-source"><valueCode value="InstanceValidator"/></extension><severity value="warning"/><code value="not-found"/><details><text value="Unable to find base http://hl7.org/fhir/StructureDefinition/Base for StructureDefinition, so can&#39;t check the differential"/></details><expression value="StructureDefinition/GenomeSequenceDesignation: StructureDefinition"/></issue><issue><extension url="http://hl7.org/fhir/StructureDefinition/operationoutcome-issue-source"><valueCode value="Publisher"/></extension><severity value="error"/><code value="business-rule"/><details><text value="The resource must declare its jurisdiction to match the package id (hl7.fhir.uv.cg-model, jurisdiction = http://unstats.un.org/unsd/methods/m49/m49.htm#001: World) (for FSH: &#39;jurisdiction: http://unstats.un.org/unsd/methods/m49/m49.htm#001 &quot;World&quot;&#39;)"/></details><expression value="StructureDefinition.jurisdiction"/></issue></OperationOutcome></resource></entry><entry><resource><OperationOutcome><extension url="http://hl7.org/fhir/StructureDefinition/operationoutcome-file"><valueString value="/Users/kmpower/Documents/GitHub/HL7-CG-Models/fsh-generated/resources/structuredefinition-IdentifierSequenceDesignation"/></extension><issue><extension url="http://hl7.org/fhir/StructureDefinition/operationoutcome-issue-source"><valueCode value="InstanceValidator"/></extension><severity value="error"/><code value="structure"/><details><text value="Canonical URL &#39;http://hl7.org/fhir/StructureDefinition/Base&#39; does not resolve"/></details><expression value="StructureDefinition/IdentifierSequenceDesignation: StructureDefinition.baseDefinition"/></issue><issue><extension url="http://hl7.org/fhir/StructureDefinition/operationoutcome-issue-source"><valueCode value="InstanceValidator"/></extension><severity value="warning"/><code value="not-found"/><details><text value="Unable to find base http://hl7.org/fhir/StructureDefinition/Base for StructureDefinition, so can&#39;t check the differential"/></details><expression value="StructureDefinition/IdentifierSequenceDesignation: StructureDefinition"/></issue><issue><extension url="http://hl7.org/fhir/StructureDefinition/operationoutcome-issue-source"><valueCode value="Publisher"/></extension><severity value="error"/><code value="business-rule"/><details><text value="The resource must declare its jurisdiction to match the package id (hl7.fhir.uv.cg-model, jurisdiction = http://unstats.un.org/unsd/methods/m49/m49.htm#001: World) (for FSH: &#39;jurisdiction: http://unstats.un.org/unsd/methods/m49/m49.htm#001 &quot;World&quot;&#39;)"/></details><expression value="StructureDefinition.jurisdiction"/></issue></OperationOutcome></resource></entry><entry><resource><OperationOutcome><extension url="http://hl7.org/fhir/StructureDefinition/operationoutcome-file"><valueString value="/Users/kmpower/Documents/GitHub/HL7-CG-Models/fsh-generated/resources/structuredefinition-MolecularPreciseInterval"/></extension><issue><extension url="http://hl7.org/fhir/StructureDefinition/operationoutcome-issue-source"><valueCode value="InstanceValidator"/></extension><severity value="error"/><code value="structure"/><details><text value="Canonical URL &#39;http://hl7.org/fhir/StructureDefinition/Base&#39; does not resolve"/></details><expression value="StructureDefinition/MolecularPreciseInterval: StructureDefinition.baseDefinition"/></issue><issue><extension url="http://hl7.org/fhir/StructureDefinition/operationoutcome-issue-source"><valueCode value="InstanceValidator"/></extension><severity value="warning"/><code value="not-found"/><details><text value="Unable to find base http://hl7.org/fhir/StructureDefinition/Base for StructureDefinition, so can&#39;t check the differential"/></details><expression value="StructureDefinition/MolecularPreciseInterval: StructureDefinition"/></issue><issue><extension url="http://hl7.org/fhir/StructureDefinition/operationoutcome-issue-source"><valueCode value="Publisher"/></extension><severity value="error"/><code value="business-rule"/><details><text value="The resource must declare its jurisdiction to match the package id (hl7.fhir.uv.cg-model, jurisdiction = http://unstats.un.org/unsd/methods/m49/m49.htm#001: World) (for FSH: &#39;jurisdiction: http://unstats.un.org/unsd/methods/m49/m49.htm#001 &quot;World&quot;&#39;)"/></details><expression value="StructureDefinition.jurisdiction"/></issue></OperationOutcome></resource></entry><entry><resource><OperationOutcome><extension url="http://hl7.org/fhir/StructureDefinition/operationoutcome-file"><valueString value="/Users/kmpower/Documents/GitHub/HL7-CG-Models/fsh-generated/resources/structuredefinition-MolecularSequence"/></extension><issue><extension url="http://hl7.org/fhir/StructureDefinition/operationoutcome-issue-source"><valueCode value="InstanceValidator"/></extension><severity value="error"/><code value="structure"/><details><text value="Canonical URL &#39;http://hl7.org/fhir/StructureDefinition/Base&#39; does not resolve"/></details><expression value="StructureDefinition/MolecularSequence: StructureDefinition.baseDefinition"/></issue><issue><extension url="http://hl7.org/fhir/StructureDefinition/operationoutcome-issue-source"><valueCode value="InstanceValidator"/></extension><severity value="warning"/><code value="not-found"/><details><text value="Unable to find base http://hl7.org/fhir/StructureDefinition/Base for StructureDefinition, so can&#39;t check the differential"/></details><expression value="StructureDefinition/MolecularSequence: StructureDefinition"/></issue><issue><extension url="http://hl7.org/fhir/StructureDefinition/operationoutcome-issue-source"><valueCode value="InstanceValidator"/></extension><severity value="error"/><code value="exception"/><details><text value="Profile http://hl7.org/fhir/uv/cg-model/StructureDefinition/MolecularSequence is for type StructureDefinition[http://hl7.org/fhir/uv/cg-model/StructureDefinition/MolecularSequence], which is not a Resource (which is required because the MolecularSequence.representations.relative.startingSequence[x] element has type Reference)"/></details><expression value="StructureDefinition/MolecularSequence: StructureDefinition.differential.element[14].type[0].targetProfile[0]"/></issue><issue><extension url="http://hl7.org/fhir/StructureDefinition/operationoutcome-issue-source"><valueCode value="InstanceValidator"/></extension><severity value="error"/><code value="exception"/><details><text value="Profile http://hl7.org/fhir/uv/cg-model/StructureDefinition/MolecularSequence is for type StructureDefinition[http://hl7.org/fhir/uv/cg-model/StructureDefinition/MolecularSequence], which is not a Resource (which is required because the MolecularSequence.representations.relative.edits.referenceSequence[x] element has type Reference)"/></details><expression value="StructureDefinition/MolecularSequence: StructureDefinition.differential.element[17].type[0].targetProfile[0]"/></issue><issue><extension url="http://hl7.org/fhir/StructureDefinition/operationoutcome-issue-source"><valueCode value="InstanceValidator"/></extension><severity value="error"/><code value="exception"/><details><text value="Profile http://hl7.org/fhir/uv/cg-model/StructureDefinition/MolecularSequence is for type StructureDefinition[http://hl7.org/fhir/uv/cg-model/StructureDefinition/MolecularSequence], which is not a Resource (which is required because the MolecularSequence.representations.relative.edits.replacementSequence[x] element has type Reference)"/></details><expression value="StructureDefinition/MolecularSequence: StructureDefinition.differential.element[18].type[0].targetProfile[0]"/></issue><issue><extension url="http://hl7.org/fhir/StructureDefinition/operationoutcome-issue-source"><valueCode value="InstanceValidator"/></extension><severity value="error"/><code value="exception"/><details><text value="Profile http://hl7.org/fhir/uv/cg-model/StructureDefinition/MolecularSequence is for type StructureDefinition[http://hl7.org/fhir/uv/cg-model/StructureDefinition/MolecularSequence], which is not a Resource (which is required because the MolecularSequence.relationship.sequence element has type Reference)"/></details><expression value="StructureDefinition/MolecularSequence: StructureDefinition.differential.element[22].type[0].targetProfile[0]"/></issue><issue><extension url="http://hl7.org/fhir/StructureDefinition/operationoutcome-issue-source"><valueCode value="InstanceValidator"/></extension><severity value="error"/><code value="exception"/><details><text value="Profile http://hl7.org/fhir/uv/cg-model/StructureDefinition/MolecularSequence is for type StructureDefinition[http://hl7.org/fhir/uv/cg-model/StructureDefinition/MolecularSequence], which is not a Resource (which is required because the MolecularSequence.representations.relative.startingSequence[x] element has type Reference)"/></details><expression value="StructureDefinition/MolecularSequence: StructureDefinition.snapshot.element[14].type[0].targetProfile[0]"/></issue><issue><extension url="http://hl7.org/fhir/StructureDefinition/operationoutcome-issue-source"><valueCode value="InstanceValidator"/></extension><severity value="error"/><code value="exception"/><details><text value="Profile http://hl7.org/fhir/uv/cg-model/StructureDefinition/MolecularSequence is for type StructureDefinition[http://hl7.org/fhir/uv/cg-model/StructureDefinition/MolecularSequence], which is not a Resource (which is required because the MolecularSequence.representations.relative.edits.referenceSequence[x] element has type Reference)"/></details><expression value="StructureDefinition/MolecularSequence: StructureDefinition.snapshot.element[17].type[0].targetProfile[0]"/></issue><issue><extension url="http://hl7.org/fhir/StructureDefinition/operationoutcome-issue-source"><valueCode value="InstanceValidator"/></extension><severity value="error"/><code value="exception"/><details><text value="Profile http://hl7.org/fhir/uv/cg-model/StructureDefinition/MolecularSequence is for type StructureDefinition[http://hl7.org/fhir/uv/cg-model/StructureDefinition/MolecularSequence], which is not a Resource (which is required because the MolecularSequence.representations.relative.edits.replacementSequence[x] element has type Reference)"/></details><expression value="StructureDefinition/MolecularSequence: StructureDefinition.snapshot.element[18].type[0].targetProfile[0]"/></issue><issue><extension url="http://hl7.org/fhir/StructureDefinition/operationoutcome-issue-source"><valueCode value="InstanceValidator"/></extension><severity value="error"/><code value="exception"/><details><text value="Profile http://hl7.org/fhir/uv/cg-model/StructureDefinition/MolecularSequence is for type StructureDefinition[http://hl7.org/fhir/uv/cg-model/StructureDefinition/MolecularSequence], which is not a Resource (which is required because the MolecularSequence.relationship.sequence element has type Reference)"/></details><expression value="StructureDefinition/MolecularSequence: StructureDefinition.snapshot.element[22].type[0].targetProfile[0]"/></issue><issue><extension url="http://hl7.org/fhir/StructureDefinition/operationoutcome-issue-source"><valueCode value="Publisher"/></extension><severity value="error"/><code value="business-rule"/><details><text value="The resource must declare its jurisdiction to match the package id (hl7.fhir.uv.cg-model, jurisdiction = http://unstats.un.org/unsd/methods/m49/m49.htm#001: World) (for FSH: &#39;jurisdiction: http://unstats.un.org/unsd/methods/m49/m49.htm#001 &quot;World&quot;&#39;)"/></details><expression value="StructureDefinition.jurisdiction"/></issue></OperationOutcome></resource></entry><entry><resource><OperationOutcome><extension url="http://hl7.org/fhir/StructureDefinition/operationoutcome-file"><valueString value="/Users/kmpower/Documents/GitHub/HL7-CG-Models/fsh-generated/resources/structuredefinition-MolecularVariant"/></extension><issue><extension url="http://hl7.org/fhir/StructureDefinition/operationoutcome-issue-source"><valueCode value="InstanceValidator"/></extension><severity value="error"/><code value="structure"/><details><text value="Canonical URL &#39;http://hl7.org/fhir/StructureDefinition/Base&#39; does not resolve"/></details><expression value="StructureDefinition/MolecularVariant: StructureDefinition.baseDefinition"/></issue><issue><extension url="http://hl7.org/fhir/StructureDefinition/operationoutcome-issue-source"><valueCode value="InstanceValidator"/></extension><severity value="warning"/><code value="not-found"/><details><text value="Unable to find base http://hl7.org/fhir/StructureDefinition/Base for StructureDefinition, so can&#39;t check the differential"/></details><expression value="StructureDefinition/MolecularVariant: StructureDefinition"/></issue><issue><extension url="http://hl7.org/fhir/StructureDefinition/operationoutcome-issue-source"><valueCode value="InstanceValidator"/></extension><severity value="error"/><code value="exception"/><details><text value="Profile http://hl7.org/fhir/uv/cg-model/StructureDefinition/MolecularSequence is for type StructureDefinition[http://hl7.org/fhir/uv/cg-model/StructureDefinition/MolecularSequence], which is not a Resource (which is required because the MolecularVariant.primaryRepresentation.sequence.referenceAllele element has type Reference)"/></details><expression value="StructureDefinition/MolecularVariant: StructureDefinition.differential.element[11].type[0].targetProfile[0]"/></issue><issue><extension url="http://hl7.org/fhir/StructureDefinition/operationoutcome-issue-source"><valueCode value="InstanceValidator"/></extension><severity value="error"/><code value="exception"/><details><text value="Profile http://hl7.org/fhir/uv/cg-model/StructureDefinition/MolecularSequence is for type StructureDefinition[http://hl7.org/fhir/uv/cg-model/StructureDefinition/MolecularSequence], which is not a Resource (which is required because the MolecularVariant.primaryRepresentation.sequence.alternateAllele element has type Reference)"/></details><expression value="StructureDefinition/MolecularVariant: StructureDefinition.differential.element[12].type[0].targetProfile[0]"/></issue><issue><extension url="http://hl7.org/fhir/StructureDefinition/operationoutcome-issue-source"><valueCode value="InstanceValidator"/></extension><severity value="error"/><code value="exception"/><details><text value="Profile http://hl7.org/fhir/uv/cg-model/StructureDefinition/MolecularSequence is for type StructureDefinition[http://hl7.org/fhir/uv/cg-model/StructureDefinition/MolecularSequence], which is not a Resource (which is required because the MolecularVariant.secondaryRepresentation.sequence.referenceAllele element has type Reference)"/></details><expression value="StructureDefinition/MolecularVariant: StructureDefinition.differential.element[22].type[0].targetProfile[0]"/></issue><issue><extension url="http://hl7.org/fhir/StructureDefinition/operationoutcome-issue-source"><valueCode value="InstanceValidator"/></extension><severity value="error"/><code value="exception"/><details><text value="Profile http://hl7.org/fhir/uv/cg-model/StructureDefinition/MolecularSequence is for type StructureDefinition[http://hl7.org/fhir/uv/cg-model/StructureDefinition/MolecularSequence], which is not a Resource (which is required because the MolecularVariant.secondaryRepresentation.sequence.alternateAllele element has type Reference)"/></details><expression value="StructureDefinition/MolecularVariant: StructureDefinition.differential.element[23].type[0].targetProfile[0]"/></issue><issue><extension url="http://hl7.org/fhir/StructureDefinition/operationoutcome-issue-source"><valueCode value="InstanceValidator"/></extension><severity value="error"/><code value="exception"/><details><text value="Profile http://hl7.org/fhir/uv/cg-model/StructureDefinition/MolecularVariant is for type StructureDefinition[http://hl7.org/fhir/uv/cg-model/StructureDefinition/MolecularVariant], which is not a Resource (which is required because the MolecularVariant.relationships.relatedVariant element has type Reference)"/></details><expression value="StructureDefinition/MolecularVariant: StructureDefinition.differential.element[27].type[0].targetProfile[0]"/></issue><issue><extension url="http://hl7.org/fhir/StructureDefinition/operationoutcome-issue-source"><valueCode value="InstanceValidator"/></extension><severity value="error"/><code value="exception"/><details><text value="Profile http://hl7.org/fhir/uv/cg-model/StructureDefinition/MolecularSequence is for type StructureDefinition[http://hl7.org/fhir/uv/cg-model/StructureDefinition/MolecularSequence], which is not a Resource (which is required because the MolecularVariant.primaryRepresentation.sequence.referenceAllele element has type Reference)"/></details><expression value="StructureDefinition/MolecularVariant: StructureDefinition.snapshot.element[11].type[0].targetProfile[0]"/></issue><issue><extension url="http://hl7.org/fhir/StructureDefinition/operationoutcome-issue-source"><valueCode value="InstanceValidator"/></extension><severity value="error"/><code value="exception"/><details><text value="Profile http://hl7.org/fhir/uv/cg-model/StructureDefinition/MolecularSequence is for type StructureDefinition[http://hl7.org/fhir/uv/cg-model/StructureDefinition/MolecularSequence], which is not a Resource (which is required because the MolecularVariant.primaryRepresentation.sequence.alternateAllele element has type Reference)"/></details><expression value="StructureDefinition/MolecularVariant: StructureDefinition.snapshot.element[12].type[0].targetProfile[0]"/></issue><issue><extension url="http://hl7.org/fhir/StructureDefinition/operationoutcome-issue-source"><valueCode value="InstanceValidator"/></extension><severity value="error"/><code value="exception"/><details><text value="Profile http://hl7.org/fhir/uv/cg-model/StructureDefinition/MolecularSequence is for type StructureDefinition[http://hl7.org/fhir/uv/cg-model/StructureDefinition/MolecularSequence], which is not a Resource (which is required because the MolecularVariant.secondaryRepresentation.sequence.referenceAllele element has type Reference)"/></details><expression value="StructureDefinition/MolecularVariant: StructureDefinition.snapshot.element[22].type[0].targetProfile[0]"/></issue><issue><extension url="http://hl7.org/fhir/StructureDefinition/operationoutcome-issue-source"><valueCode value="InstanceValidator"/></extension><severity value="error"/><code value="exception"/><details><text value="Profile http://hl7.org/fhir/uv/cg-model/StructureDefinition/MolecularSequence is for type StructureDefinition[http://hl7.org/fhir/uv/cg-model/StructureDefinition/MolecularSequence], which is not a Resource (which is required because the MolecularVariant.secondaryRepresentation.sequence.alternateAllele element has type Reference)"/></details><expression value="StructureDefinition/MolecularVariant: StructureDefinition.snapshot.element[23].type[0].targetProfile[0]"/></issue><issue><extension url="http://hl7.org/fhir/StructureDefinition/operationoutcome-issue-source"><valueCode value="InstanceValidator"/></extension><severity value="error"/><code value="exception"/><details><text value="Profile http://hl7.org/fhir/uv/cg-model/StructureDefinition/MolecularVariant is for type StructureDefinition[http://hl7.org/fhir/uv/cg-model/StructureDefinition/MolecularVariant], which is not a Resource (which is required because the MolecularVariant.relationships.relatedVariant element has type Reference)"/></details><expression value="StructureDefinition/MolecularVariant: StructureDefinition.snapshot.element[27].type[0].targetProfile[0]"/></issue><issue><extension url="http://hl7.org/fhir/StructureDefinition/operationoutcome-issue-source"><valueCode value="Publisher"/></extension><severity value="error"/><code value="business-rule"/><details><text value="The resource must declare its jurisdiction to match the package id (hl7.fhir.uv.cg-model, jurisdiction = http://unstats.un.org/unsd/methods/m49/m49.htm#001: World) (for FSH: &#39;jurisdiction: http://unstats.un.org/unsd/methods/m49/m49.htm#001 &quot;World&quot;&#39;)"/></details><expression value="StructureDefinition.jurisdiction"/></issue></OperationOutcome></resource></entry></Bundle>