<?xml version="1.0" encoding="UTF-8"?><Bundle xmlns="http://hl7.org/fhir"><type value="collection"/><entry><resource><OperationOutcome><issue><extension url="http://hl7.org/fhir/StructureDefinition/operationoutcome-issue-source"><valueCode value="Publisher"/></extension><severity value="error"/><code value="not-found"/><details><text value="Supressed messages file not found"/></details><expression value="ImplementationGuide.definition.parameter[23].value"/></issue></OperationOutcome></resource></entry><entry><resource><OperationOutcome><extension url="http://hl7.org/fhir/StructureDefinition/operationoutcome-file"><valueString value="/Users/kmpower/Documents/GitHub/HL7-CG-Models/fsh-generated/resources/ImplementationGuide-hl7.fhir.uv.cg-model"/></extension></OperationOutcome></resource></entry><entry><resource><OperationOutcome><extension url="http://hl7.org/fhir/StructureDefinition/operationoutcome-file"><valueString value="/Users/kmpower/Documents/GitHub/HL7-CG-Models/fsh-generated/resources/structuredefinition-GenomeSequenceDesignation"/></extension></OperationOutcome></resource></entry><entry><resource><OperationOutcome><extension url="http://hl7.org/fhir/StructureDefinition/operationoutcome-file"><valueString value="/Users/kmpower/Documents/GitHub/HL7-CG-Models/fsh-generated/resources/structuredefinition-GenomicStudy"/></extension></OperationOutcome></resource></entry><entry><resource><OperationOutcome><extension url="http://hl7.org/fhir/StructureDefinition/operationoutcome-file"><valueString value="/Users/kmpower/Documents/GitHub/HL7-CG-Models/fsh-generated/resources/structuredefinition-IdentifierSequenceDesignation"/></extension></OperationOutcome></resource></entry><entry><resource><OperationOutcome><extension url="http://hl7.org/fhir/StructureDefinition/operationoutcome-file"><valueString value="/Users/kmpower/Documents/GitHub/HL7-CG-Models/fsh-generated/resources/structuredefinition-MolecularPreciseInterval"/></extension></OperationOutcome></resource></entry><entry><resource><OperationOutcome><extension url="http://hl7.org/fhir/StructureDefinition/operationoutcome-file"><valueString value="/Users/kmpower/Documents/GitHub/HL7-CG-Models/fsh-generated/resources/structuredefinition-MolecularSequence"/></extension><issue><extension url="http://hl7.org/fhir/StructureDefinition/operationoutcome-issue-source"><valueCode value="InstanceValidator"/></extension><severity value="error"/><code value="exception"/><details><text value="Profile http://hl7.org/fhir/uv/cg-model/StructureDefinition/MolecularSequence is for type StructureDefinition[http://hl7.org/fhir/uv/cg-model/StructureDefinition/MolecularSequence], which is not a Resource (which is required because the MolecularSequence.representations.relative.startingSequence[x] element has type Reference)"/></details><expression value="StructureDefinition/MolecularSequence: StructureDefinition.differential.element[14].type[0].targetProfile[0]"/></issue><issue><extension url="http://hl7.org/fhir/StructureDefinition/operationoutcome-issue-source"><valueCode value="InstanceValidator"/></extension><severity value="error"/><code value="exception"/><details><text value="Profile http://hl7.org/fhir/uv/cg-model/StructureDefinition/MolecularSequence is for type StructureDefinition[http://hl7.org/fhir/uv/cg-model/StructureDefinition/MolecularSequence], which is not a Resource (which is required because the MolecularSequence.representations.relative.edits.referenceSequence[x] element has type Reference)"/></details><expression value="StructureDefinition/MolecularSequence: StructureDefinition.differential.element[17].type[0].targetProfile[0]"/></issue><issue><extension url="http://hl7.org/fhir/StructureDefinition/operationoutcome-issue-source"><valueCode value="InstanceValidator"/></extension><severity value="error"/><code value="exception"/><details><text value="Profile http://hl7.org/fhir/uv/cg-model/StructureDefinition/MolecularSequence is for type StructureDefinition[http://hl7.org/fhir/uv/cg-model/StructureDefinition/MolecularSequence], which is not a Resource (which is required because the MolecularSequence.representations.relative.edits.replacementSequence[x] element has type Reference)"/></details><expression value="StructureDefinition/MolecularSequence: StructureDefinition.differential.element[18].type[0].targetProfile[0]"/></issue><issue><extension url="http://hl7.org/fhir/StructureDefinition/operationoutcome-issue-source"><valueCode value="InstanceValidator"/></extension><severity value="error"/><code value="exception"/><details><text value="Profile http://hl7.org/fhir/uv/cg-model/StructureDefinition/MolecularSequence is for type StructureDefinition[http://hl7.org/fhir/uv/cg-model/StructureDefinition/MolecularSequence], which is not a Resource (which is required because the MolecularSequence.relationship.sequence element has type Reference)"/></details><expression value="StructureDefinition/MolecularSequence: StructureDefinition.differential.element[22].type[0].targetProfile[0]"/></issue><issue><extension url="http://hl7.org/fhir/StructureDefinition/operationoutcome-issue-source"><valueCode value="InstanceValidator"/></extension><severity value="error"/><code value="exception"/><details><text value="Profile http://hl7.org/fhir/uv/cg-model/StructureDefinition/MolecularSequence is for type StructureDefinition[http://hl7.org/fhir/uv/cg-model/StructureDefinition/MolecularSequence], which is not a Resource (which is required because the MolecularSequence.representations.relative.startingSequence[x] element has type Reference)"/></details><expression value="StructureDefinition/MolecularSequence: StructureDefinition.snapshot.element[22].type[0].targetProfile[0]"/></issue><issue><extension url="http://hl7.org/fhir/StructureDefinition/operationoutcome-issue-source"><valueCode value="InstanceValidator"/></extension><severity value="error"/><code value="exception"/><details><text value="Profile http://hl7.org/fhir/uv/cg-model/StructureDefinition/MolecularSequence is for type StructureDefinition[http://hl7.org/fhir/uv/cg-model/StructureDefinition/MolecularSequence], which is not a Resource (which is required because the MolecularSequence.representations.relative.edits.referenceSequence[x] element has type Reference)"/></details><expression value="StructureDefinition/MolecularSequence: StructureDefinition.snapshot.element[25].type[0].targetProfile[0]"/></issue><issue><extension url="http://hl7.org/fhir/StructureDefinition/operationoutcome-issue-source"><valueCode value="InstanceValidator"/></extension><severity value="error"/><code value="exception"/><details><text value="Profile http://hl7.org/fhir/uv/cg-model/StructureDefinition/MolecularSequence is for type StructureDefinition[http://hl7.org/fhir/uv/cg-model/StructureDefinition/MolecularSequence], which is not a Resource (which is required because the MolecularSequence.representations.relative.edits.replacementSequence[x] element has type Reference)"/></details><expression value="StructureDefinition/MolecularSequence: StructureDefinition.snapshot.element[26].type[0].targetProfile[0]"/></issue><issue><extension url="http://hl7.org/fhir/StructureDefinition/operationoutcome-issue-source"><valueCode value="InstanceValidator"/></extension><severity value="error"/><code value="exception"/><details><text value="Profile http://hl7.org/fhir/uv/cg-model/StructureDefinition/MolecularSequence is for type StructureDefinition[http://hl7.org/fhir/uv/cg-model/StructureDefinition/MolecularSequence], which is not a Resource (which is required because the MolecularSequence.relationship.sequence element has type Reference)"/></details><expression value="StructureDefinition/MolecularSequence: StructureDefinition.snapshot.element[30].type[0].targetProfile[0]"/></issue></OperationOutcome></resource></entry><entry><resource><OperationOutcome><extension url="http://hl7.org/fhir/StructureDefinition/operationoutcome-file"><valueString value="/Users/kmpower/Documents/GitHub/HL7-CG-Models/fsh-generated/resources/structuredefinition-MolecularVariant"/></extension><issue><extension url="http://hl7.org/fhir/StructureDefinition/operationoutcome-issue-source"><valueCode value="InstanceValidator"/></extension><severity value="error"/><code value="exception"/><details><text value="Profile http://hl7.org/fhir/uv/cg-model/StructureDefinition/MolecularSequence is for type StructureDefinition[http://hl7.org/fhir/uv/cg-model/StructureDefinition/MolecularSequence], which is not a Resource (which is required because the MolecularVariant.primaryRepresentation.sequence.referenceAllele element has type Reference)"/></details><expression value="StructureDefinition/MolecularVariant: StructureDefinition.differential.element[11].type[0].targetProfile[0]"/></issue><issue><extension url="http://hl7.org/fhir/StructureDefinition/operationoutcome-issue-source"><valueCode value="InstanceValidator"/></extension><severity value="error"/><code value="exception"/><details><text value="Profile http://hl7.org/fhir/uv/cg-model/StructureDefinition/MolecularSequence is for type StructureDefinition[http://hl7.org/fhir/uv/cg-model/StructureDefinition/MolecularSequence], which is not a Resource (which is required because the MolecularVariant.primaryRepresentation.sequence.alternateAllele element has type Reference)"/></details><expression value="StructureDefinition/MolecularVariant: StructureDefinition.differential.element[12].type[0].targetProfile[0]"/></issue><issue><extension url="http://hl7.org/fhir/StructureDefinition/operationoutcome-issue-source"><valueCode value="InstanceValidator"/></extension><severity value="error"/><code value="exception"/><details><text value="Profile http://hl7.org/fhir/uv/cg-model/StructureDefinition/MolecularSequence is for type StructureDefinition[http://hl7.org/fhir/uv/cg-model/StructureDefinition/MolecularSequence], which is not a Resource (which is required because the MolecularVariant.secondaryRepresentation.sequence.referenceAllele element has type Reference)"/></details><expression value="StructureDefinition/MolecularVariant: StructureDefinition.differential.element[22].type[0].targetProfile[0]"/></issue><issue><extension url="http://hl7.org/fhir/StructureDefinition/operationoutcome-issue-source"><valueCode value="InstanceValidator"/></extension><severity value="error"/><code value="exception"/><details><text value="Profile http://hl7.org/fhir/uv/cg-model/StructureDefinition/MolecularSequence is for type StructureDefinition[http://hl7.org/fhir/uv/cg-model/StructureDefinition/MolecularSequence], which is not a Resource (which is required because the MolecularVariant.secondaryRepresentation.sequence.alternateAllele element has type Reference)"/></details><expression value="StructureDefinition/MolecularVariant: StructureDefinition.differential.element[23].type[0].targetProfile[0]"/></issue><issue><extension url="http://hl7.org/fhir/StructureDefinition/operationoutcome-issue-source"><valueCode value="InstanceValidator"/></extension><severity value="error"/><code value="exception"/><details><text value="Profile http://hl7.org/fhir/uv/cg-model/StructureDefinition/MolecularVariant is for type StructureDefinition[http://hl7.org/fhir/uv/cg-model/StructureDefinition/MolecularVariant], which is not a Resource (which is required because the MolecularVariant.relationships.relatedVariant element has type Reference)"/></details><expression value="StructureDefinition/MolecularVariant: StructureDefinition.differential.element[27].type[0].targetProfile[0]"/></issue><issue><extension url="http://hl7.org/fhir/StructureDefinition/operationoutcome-issue-source"><valueCode value="InstanceValidator"/></extension><severity value="error"/><code value="exception"/><details><text value="Profile http://hl7.org/fhir/uv/cg-model/StructureDefinition/MolecularSequence is for type StructureDefinition[http://hl7.org/fhir/uv/cg-model/StructureDefinition/MolecularSequence], which is not a Resource (which is required because the MolecularVariant.primaryRepresentation.sequence.referenceAllele element has type Reference)"/></details><expression value="StructureDefinition/MolecularVariant: StructureDefinition.snapshot.element[19].type[0].targetProfile[0]"/></issue><issue><extension url="http://hl7.org/fhir/StructureDefinition/operationoutcome-issue-source"><valueCode value="InstanceValidator"/></extension><severity value="error"/><code value="exception"/><details><text value="Profile http://hl7.org/fhir/uv/cg-model/StructureDefinition/MolecularSequence is for type StructureDefinition[http://hl7.org/fhir/uv/cg-model/StructureDefinition/MolecularSequence], which is not a Resource (which is required because the MolecularVariant.primaryRepresentation.sequence.alternateAllele element has type Reference)"/></details><expression value="StructureDefinition/MolecularVariant: StructureDefinition.snapshot.element[20].type[0].targetProfile[0]"/></issue><issue><extension url="http://hl7.org/fhir/StructureDefinition/operationoutcome-issue-source"><valueCode value="InstanceValidator"/></extension><severity value="error"/><code value="exception"/><details><text value="Profile http://hl7.org/fhir/uv/cg-model/StructureDefinition/MolecularSequence is for type StructureDefinition[http://hl7.org/fhir/uv/cg-model/StructureDefinition/MolecularSequence], which is not a Resource (which is required because the MolecularVariant.secondaryRepresentation.sequence.referenceAllele element has type Reference)"/></details><expression value="StructureDefinition/MolecularVariant: StructureDefinition.snapshot.element[30].type[0].targetProfile[0]"/></issue><issue><extension url="http://hl7.org/fhir/StructureDefinition/operationoutcome-issue-source"><valueCode value="InstanceValidator"/></extension><severity value="error"/><code value="exception"/><details><text value="Profile http://hl7.org/fhir/uv/cg-model/StructureDefinition/MolecularSequence is for type StructureDefinition[http://hl7.org/fhir/uv/cg-model/StructureDefinition/MolecularSequence], which is not a Resource (which is required because the MolecularVariant.secondaryRepresentation.sequence.alternateAllele element has type Reference)"/></details><expression value="StructureDefinition/MolecularVariant: StructureDefinition.snapshot.element[31].type[0].targetProfile[0]"/></issue><issue><extension url="http://hl7.org/fhir/StructureDefinition/operationoutcome-issue-source"><valueCode value="InstanceValidator"/></extension><severity value="error"/><code value="exception"/><details><text value="Profile http://hl7.org/fhir/uv/cg-model/StructureDefinition/MolecularVariant is for type StructureDefinition[http://hl7.org/fhir/uv/cg-model/StructureDefinition/MolecularVariant], which is not a Resource (which is required because the MolecularVariant.relationships.relatedVariant element has type Reference)"/></details><expression value="StructureDefinition/MolecularVariant: StructureDefinition.snapshot.element[35].type[0].targetProfile[0]"/></issue></OperationOutcome></resource></entry></Bundle>