{
  "resourceType": "StructureDefinition",
  "id": "MolecularPreciseInterval",
  "text": {
    "status": "extensions",
    "div": "<div xmlns=\"http://www.w3.org/1999/xhtml\"><table border=\"0\" cellpadding=\"0\" cellspacing=\"0\" style=\"border: 0px #F0F0F0 solid; font-size: 11px; font-family: verdana; vertical-align: top;\"><tr style=\"border: 1px #F0F0F0 solid; font-size: 11px; font-family: verdana; vertical-align: top\"><th style=\"vertical-align: top; text-align : left; background-color: white; border: 0px #F0F0F0 solid; padding:0px 4px 0px 4px\" class=\"hierarchy\"><a href=\"http://hl7.org/fhir/R4/formats.html#table\" title=\"The logical name of the element\">Name</a></th><th style=\"vertical-align: top; text-align : left; background-color: white; border: 0px #F0F0F0 solid; padding:0px 4px 0px 4px\" class=\"hierarchy\"><a href=\"http://hl7.org/fhir/R4/formats.html#table\" title=\"Information about the use of the element\">Flags</a></th><th style=\"vertical-align: top; text-align : left; background-color: white; border: 0px #F0F0F0 solid; padding:0px 4px 0px 4px\" class=\"hierarchy\"><a href=\"http://hl7.org/fhir/R4/formats.html#table\" title=\"Minimum and Maximum # of times the the element can appear in the instance\">Card.</a></th><th style=\"width: 100px\" class=\"hierarchy\"><a href=\"http://hl7.org/fhir/R4/formats.html#table\" title=\"Reference to the type of the element\">Type</a></th><th style=\"vertical-align: top; text-align : left; background-color: white; border: 0px #F0F0F0 solid; padding:0px 4px 0px 4px\" class=\"hierarchy\"><a href=\"http://hl7.org/fhir/R4/formats.html#table\" title=\"Additional information about the element\">Description &amp; Constraints</a><span style=\"float: right\"><a href=\"http://hl7.org/fhir/R4/formats.html#table\" title=\"Legend for this format\"><img src=\"http://hl7.org/fhir/R4/help16.png\" alt=\"doco\" style=\"background-color: inherit\"/></a></span></th></tr><tr style=\"border: 0px #F0F0F0 solid; padding:0px; vertical-align: top; background-color: white\"><td style=\"vertical-align: top; text-align : left; background-color: white; border: 0px #F0F0F0 solid; padding:0px 4px 0px 4px; white-space: nowrap; background-image: url(tbl_bck1.png)\" class=\"hierarchy\"><img src=\"tbl_spacer.png\" alt=\".\" style=\"background-color: inherit\" class=\"hierarchy\"/><img src=\"icon_element.gif\" alt=\".\" style=\"background-color: white; background-color: inherit\" title=\"Element\" class=\"hierarchy\"/> <a href=\"StructureDefinition-MolecularPreciseInterval-definitions.html#MolecularPreciseInterval\" title=\"Represents a precise interval with a specific coordinate-based start and end position\">MolecularPreciseInterval</a><a name=\"MolecularPreciseInterval\"> </a></td><td style=\"vertical-align: top; text-align : left; background-color: white; border: 0px #F0F0F0 solid; padding:0px 4px 0px 4px\" class=\"hierarchy\"/><td style=\"vertical-align: top; text-align : left; background-color: white; border: 0px #F0F0F0 solid; padding:0px 4px 0px 4px\" class=\"hierarchy\"><span style=\"opacity: 0.5\">0</span><span style=\"opacity: 0.5\">..</span><span style=\"opacity: 0.5\">*</span></td><td style=\"vertical-align: top; text-align : left; background-color: white; border: 0px #F0F0F0 solid; padding:0px 4px 0px 4px\" class=\"hierarchy\"/><td style=\"vertical-align: top; text-align : left; background-color: white; border: 0px #F0F0F0 solid; padding:0px 4px 0px 4px\" class=\"hierarchy\">Molecular Precise Interval</td></tr>\r\n<tr style=\"border: 0px #F0F0F0 solid; padding:0px; vertical-align: top; background-color: #F7F7F7\"><td style=\"vertical-align: top; text-align : left; background-color: #F7F7F7; border: 0px #F0F0F0 solid; padding:0px 4px 0px 4px; white-space: nowrap; background-image: url(tbl_bck10.png)\" class=\"hierarchy\"><img src=\"tbl_spacer.png\" alt=\".\" style=\"background-color: inherit\" class=\"hierarchy\"/><img src=\"tbl_vjoin.png\" alt=\".\" style=\"background-color: inherit\" class=\"hierarchy\"/><img src=\"icon_primitive.png\" alt=\".\" style=\"background-color: #F7F7F7; background-color: inherit\" title=\"Primitive Data Type\" class=\"hierarchy\"/> <a href=\"StructureDefinition-MolecularPreciseInterval-definitions.html#MolecularPreciseInterval.numberingSystem\" title=\"The numbering system used for counting residues for coordinates.  Common systems include 0-based inter-residue, 0-based residue, and 1-based residue.\">numberingSystem</a><a name=\"MolecularPreciseInterval.numberingSystem\"> </a></td><td style=\"vertical-align: top; text-align : left; background-color: #F7F7F7; border: 0px #F0F0F0 solid; padding:0px 4px 0px 4px\" class=\"hierarchy\"/><td style=\"vertical-align: top; text-align : left; background-color: #F7F7F7; border: 0px #F0F0F0 solid; padding:0px 4px 0px 4px\" class=\"hierarchy\">1..1</td><td style=\"vertical-align: top; text-align : left; background-color: #F7F7F7; border: 0px #F0F0F0 solid; padding:0px 4px 0px 4px\" class=\"hierarchy\"><a href=\"http://hl7.org/fhir/R4/datatypes.html#code\">code</a></td><td style=\"vertical-align: top; text-align : left; background-color: #F7F7F7; border: 0px #F0F0F0 solid; padding:0px 4px 0px 4px\" class=\"hierarchy\">The numbering system used for coordinates</td></tr>\r\n<tr style=\"border: 0px #F0F0F0 solid; padding:0px; vertical-align: top; background-color: white\"><td style=\"vertical-align: top; text-align : left; background-color: white; border: 0px #F0F0F0 solid; padding:0px 4px 0px 4px; white-space: nowrap; background-image: url(tbl_bck10.png)\" class=\"hierarchy\"><img src=\"tbl_spacer.png\" alt=\".\" style=\"background-color: inherit\" class=\"hierarchy\"/><img src=\"tbl_vjoin.png\" alt=\".\" style=\"background-color: inherit\" class=\"hierarchy\"/><img src=\"icon_primitive.png\" alt=\".\" style=\"background-color: white; background-color: inherit\" title=\"Primitive Data Type\" class=\"hierarchy\"/> <a href=\"StructureDefinition-MolecularPreciseInterval-definitions.html#MolecularPreciseInterval.start\" title=\"Starting position of a defined interval. Note: considering data type of &quot;Qty|Range&quot;.\">start</a><a name=\"MolecularPreciseInterval.start\"> </a></td><td style=\"vertical-align: top; text-align : left; background-color: white; border: 0px #F0F0F0 solid; padding:0px 4px 0px 4px\" class=\"hierarchy\"/><td style=\"vertical-align: top; text-align : left; background-color: white; border: 0px #F0F0F0 solid; padding:0px 4px 0px 4px\" class=\"hierarchy\">1..1</td><td style=\"vertical-align: top; text-align : left; background-color: white; border: 0px #F0F0F0 solid; padding:0px 4px 0px 4px\" class=\"hierarchy\"><a href=\"http://hl7.org/fhir/R4/datatypes.html#integer\">integer</a></td><td style=\"vertical-align: top; text-align : left; background-color: white; border: 0px #F0F0F0 solid; padding:0px 4px 0px 4px\" class=\"hierarchy\">Starting position of a defined interval</td></tr>\r\n<tr style=\"border: 0px #F0F0F0 solid; padding:0px; vertical-align: top; background-color: #F7F7F7\"><td style=\"vertical-align: top; text-align : left; background-color: #F7F7F7; border: 0px #F0F0F0 solid; padding:0px 4px 0px 4px; white-space: nowrap; background-image: url(tbl_bck00.png)\" class=\"hierarchy\"><img src=\"tbl_spacer.png\" alt=\".\" style=\"background-color: inherit\" class=\"hierarchy\"/><img src=\"tbl_vjoin_end.png\" alt=\".\" style=\"background-color: inherit\" class=\"hierarchy\"/><img src=\"icon_primitive.png\" alt=\".\" style=\"background-color: #F7F7F7; background-color: inherit\" title=\"Primitive Data Type\" class=\"hierarchy\"/> <a href=\"StructureDefinition-MolecularPreciseInterval-definitions.html#MolecularPreciseInterval.end\" title=\"End position of a defined interval. Note: considering data type of &quot;Qty|Range&quot;.\">end</a><a name=\"MolecularPreciseInterval.end\"> </a></td><td style=\"vertical-align: top; text-align : left; background-color: #F7F7F7; border: 0px #F0F0F0 solid; padding:0px 4px 0px 4px\" class=\"hierarchy\"/><td style=\"vertical-align: top; text-align : left; background-color: #F7F7F7; border: 0px #F0F0F0 solid; padding:0px 4px 0px 4px\" class=\"hierarchy\">1..1</td><td style=\"vertical-align: top; text-align : left; background-color: #F7F7F7; border: 0px #F0F0F0 solid; padding:0px 4px 0px 4px\" class=\"hierarchy\"><a href=\"http://hl7.org/fhir/R4/datatypes.html#integer\">integer</a></td><td style=\"vertical-align: top; text-align : left; background-color: #F7F7F7; border: 0px #F0F0F0 solid; padding:0px 4px 0px 4px\" class=\"hierarchy\">End position of a defined interval</td></tr>\r\n<tr><td colspan=\"5\" class=\"hierarchy\"><br/><a href=\"http://hl7.org/fhir/R4/formats.html#table\" title=\"Legend for this format\"><img src=\"http://hl7.org/fhir/R4/help16.png\" alt=\"doco\" style=\"background-color: inherit\"/> Documentation for this format</a></td></tr></table></div>"
  },
  "url": "http://hl7.org/fhir/uv/cg-model/StructureDefinition/MolecularPreciseInterval",
  "version": "0.1.0",
  "name": "MolecularPreciseInterval",
  "title": "Molecular Precise Interval",
  "status": "active",
  "date": "2021-09-23T09:28:32-05:00",
  "publisher": "Clinical Genomics",
  "contact": [
    {
      "name": "Clinical Genomics",
      "telecom": [
        {
          "system": "url",
          "value": "http://example.org/example-publisher"
        }
      ]
    }
  ],
  "description": "Represents a precise interval with a specific coordinate-based start and end position",
  "fhirVersion": "4.0.1",
  "mapping": [
    {
      "identity": "rim",
      "uri": "http://hl7.org/v3",
      "name": "RIM Mapping"
    }
  ],
  "kind": "logical",
  "abstract": false,
  "type": "http://hl7.org/fhir/uv/cg-model/StructureDefinition/MolecularPreciseInterval",
  "baseDefinition": "http://hl7.org/fhir/StructureDefinition/Base",
  "derivation": "specialization",
  "snapshot": {
    "element": [
      {
        "id": "MolecularPreciseInterval",
        "path": "MolecularPreciseInterval",
        "short": "Molecular Precise Interval",
        "definition": "Represents a precise interval with a specific coordinate-based start and end position",
        "min": 0,
        "max": "*",
        "base": {
          "path": "Base",
          "min": 0,
          "max": "*"
        },
        "isModifier": false
      },
      {
        "id": "MolecularPreciseInterval.numberingSystem",
        "path": "MolecularPreciseInterval.numberingSystem",
        "short": "The numbering system used for coordinates",
        "definition": "The numbering system used for counting residues for coordinates.  Common systems include 0-based inter-residue, 0-based residue, and 1-based residue.",
        "min": 1,
        "max": "1",
        "base": {
          "path": "MolecularPreciseInterval.numberingSystem",
          "min": 1,
          "max": "1"
        },
        "type": [
          {
            "code": "code"
          }
        ]
      },
      {
        "id": "MolecularPreciseInterval.start",
        "path": "MolecularPreciseInterval.start",
        "short": "Starting position of a defined interval",
        "definition": "Starting position of a defined interval. Note: considering data type of \"Qty|Range\".",
        "min": 1,
        "max": "1",
        "base": {
          "path": "MolecularPreciseInterval.start",
          "min": 1,
          "max": "1"
        },
        "type": [
          {
            "code": "integer"
          }
        ]
      },
      {
        "id": "MolecularPreciseInterval.end",
        "path": "MolecularPreciseInterval.end",
        "short": "End position of a defined interval",
        "definition": "End position of a defined interval. Note: considering data type of \"Qty|Range\".",
        "min": 1,
        "max": "1",
        "base": {
          "path": "MolecularPreciseInterval.end",
          "min": 1,
          "max": "1"
        },
        "type": [
          {
            "code": "integer"
          }
        ]
      }
    ]
  },
  "differential": {
    "element": [
      {
        "id": "MolecularPreciseInterval",
        "path": "MolecularPreciseInterval",
        "short": "Molecular Precise Interval",
        "definition": "Represents a precise interval with a specific coordinate-based start and end position"
      },
      {
        "id": "MolecularPreciseInterval.numberingSystem",
        "path": "MolecularPreciseInterval.numberingSystem",
        "short": "The numbering system used for coordinates",
        "definition": "The numbering system used for counting residues for coordinates.  Common systems include 0-based inter-residue, 0-based residue, and 1-based residue.",
        "min": 1,
        "max": "1",
        "type": [
          {
            "code": "code"
          }
        ]
      },
      {
        "id": "MolecularPreciseInterval.start",
        "path": "MolecularPreciseInterval.start",
        "short": "Starting position of a defined interval",
        "definition": "Starting position of a defined interval. Note: considering data type of \"Qty|Range\".",
        "min": 1,
        "max": "1",
        "type": [
          {
            "code": "integer"
          }
        ]
      },
      {
        "id": "MolecularPreciseInterval.end",
        "path": "MolecularPreciseInterval.end",
        "short": "End position of a defined interval",
        "definition": "End position of a defined interval. Note: considering data type of \"Qty|Range\".",
        "min": 1,
        "max": "1",
        "type": [
          {
            "code": "integer"
          }
        ]
      }
    ]
  }
}