"Path","Slice Name","Alias(s)","Label","Min","Max","Must Support?","Is Modifier?","Is Summary?","Type(s)","Short","Definition","Comments","Requirements","Default Value","Meaning When Missing","Fixed Value","Pattern","Example","Minimum Value","Maximum Value","Maximum Length","Binding Strength","Binding Description","Binding Value Set","Code","Slicing Discriminator","Slicing Description","Slicing Ordered","Slicing Rules","Base Path","Base Min","Base Max","Condition(s)","Constraint(s)","Mapping: RIM Mapping"
"GenomeSequenceDesignation","","","",0,*,"","","","","Genome Sequence Designation","Datatype to support FHIR Genomics.  This datatype supports representations like GRCH38.p13 Chromosome 1","","","","","","","","","",,,,,"",,,,"Base",0,*,"",""
"GenomeSequenceDesignation.build","","","",1,1,"","","","Identifier {[]} {[]}
","Genome build id","The identifier of a genome build, which contains a sequence of interest.","","","","","","","","","",,,,,"",,,,"GenomeSequenceDesignation.build",1,1,"",""
"GenomeSequenceDesignation.organism","","","",0,1,"","","","CodeableConcept {[]} {[]}
","Organism","The organism corresponding to the genome sequence, preferably expressed using an NCBI taxonomy code.","","","","","","","","","",,,,,"",,,,"GenomeSequenceDesignation.organism",0,1,"",""
"GenomeSequenceDesignation.description","","","",0,1,"","","","string {[]} {[]}
","Description of the genome sequence","A description of the genome sequence.","","","","","","","","","",,,,,"",,,,"GenomeSequenceDesignation.description",0,1,"",""
"GenomeSequenceDesignation.accession","","","",0,1,"","","","CodeableConcept {[]} {[]}
","Genome build accession number","The accession number of the Genome Build","","","","","","","","","",,,,,"",,,,"GenomeSequenceDesignation.accession",0,1,"",""
"GenomeSequenceDesignation.chromosome","","","",1,1,"","","","CodeableConcept {[]} {[]}
","Chromosome represented by the genome sequence","The name or number (preferably coded) of the chromosome represented by the genome sequence.","","","","","","","","","",,,,,"",,,,"GenomeSequenceDesignation.chromosome",1,1,"",""
