"Path","Slice Name","Alias(s)","Label","Min","Max","Must Support?","Is Modifier?","Is Summary?","Type(s)","Short","Definition","Comments","Requirements","Default Value","Meaning When Missing","Fixed Value","Pattern","Example","Minimum Value","Maximum Value","Maximum Length","Binding Strength","Binding Description","Binding Value Set","Code","Slicing Discriminator","Slicing Description","Slicing Ordered","Slicing Rules","Base Path","Base Min","Base Max","Condition(s)","Constraint(s)","Mapping: RIM Mapping"
"GenomeSequenceDesignation","","","",0,*,"","","","","Genome Sequence Designation","Datatype to support FHIR Genomics.  This datatype supports representations like GRCH38.p13 Chromosome 1","","","","","","","","","",,,,,"",,,,"Element",0,*,"ele-1
","ele-1:All FHIR elements must have a @value or children {hasValue() or (children().count() > id.count())}
","n/a"
"GenomeSequenceDesignation.id","","","",0,1,"","","","string {[]} {[]}
","Unique id for inter-element referencing","Unique id for the element within a resource (for internal references). This may be any string value that does not contain spaces.","","","","","","","","","",,,,,"",,,,"Element.id",0,1,"","","n/a"
"GenomeSequenceDesignation.extension","","extensions
user content","",0,*,"","","","Extension {[]} {[]}
","Additional content defined by implementations","May be used to represent additional information that is not part of the basic definition of the element. To make the use of extensions safe and manageable, there is a strict set of governance  applied to the definition and use of extensions. Though any implementer can define an extension, there is a set of requirements that SHALL be met as part of the definition of the extension.","There can be no stigma associated with the use of extensions by any application, project, or standard - regardless of the institution or jurisdiction that uses or defines the extensions.  The use of extensions is what allows the FHIR specification to retain a core level of simplicity for everyone.","","","","","","","","",,,,,"","value:url}
","Extensions are always sliced by (at least) url",,"open","Element.extension",0,*,"","ele-1:All FHIR elements must have a @value or children {hasValue() or (children().count() > id.count())}
ext-1:Must have either extensions or value[x], not both {extension.exists() != value.exists()}","n/a"
"GenomeSequenceDesignation.build","","","",1,1,"","","","Identifier {[]} {[]}
","Genome build id","The identifier of a genome build, which contains a sequence of interest.","","","","","","","","","",,,,,"",,,,"GenomeSequenceDesignation.build",1,1,"",""
"GenomeSequenceDesignation.organism","","","",0,1,"","","","CodeableConcept {[]} {[]}
","Organism","The organism corresponding to the genome sequence, preferably expressed using an NCBI taxonomy code.","","","","","","","","","",,,,,"",,,,"GenomeSequenceDesignation.organism",0,1,"",""
"GenomeSequenceDesignation.description","","","",0,1,"","","","string {[]} {[]}
","Description of the genome sequence","A description of the genome sequence.","","","","","","","","","",,,,,"",,,,"GenomeSequenceDesignation.description",0,1,"",""
"GenomeSequenceDesignation.accession","","","",0,1,"","","","CodeableConcept {[]} {[]}
","Genome build accession number","The accession number of the Genome Build","","","","","","","","","",,,,,"",,,,"GenomeSequenceDesignation.accession",0,1,"",""
"GenomeSequenceDesignation.chromosome","","","",1,1,"","","","CodeableConcept {[]} {[]}
","Chromosome represented by the genome sequence","The name or number (preferably coded) of the chromosome represented by the genome sequence.","","","","","","","","","",,,,,"",,,,"GenomeSequenceDesignation.chromosome",1,1,"",""
