"Path","Slice Name","Alias(s)","Label","Min","Max","Must Support?","Is Modifier?","Is Summary?","Type(s)","Short","Definition","Comments","Requirements","Default Value","Meaning When Missing","Fixed Value","Pattern","Example","Minimum Value","Maximum Value","Maximum Length","Binding Strength","Binding Description","Binding Value Set","Code","Slicing Discriminator","Slicing Description","Slicing Ordered","Slicing Rules","Base Path","Base Min","Base Max","Condition(s)","Constraint(s)","Mapping: RIM Mapping"
"IdentifierSequenceDesignation","","","",0,*,"","","","","Identifier Sequence Designation","Datatype to support FHIR Genomics.  This datatype supports identifier/accession-style representations like GCA_000001405.28","","","","","","","","","",,,,,"",,,,"Base",0,*,"",""
"IdentifierSequenceDesignation.identifier","","","",1,1,"","","","CodeableConcept {[]} {[]}
","Sequence identifier or accession number","The identifier or accession number of the sequence","","","","","","","","","",,,,,"",,,,"IdentifierSequenceDesignation.identifier",1,1,"",""
"IdentifierSequenceDesignation.organism","","","",0,1,"","","","CodeableConcept {[]} {[]}
","Organism","The organism corresponding to the genome sequence, preferably expressed using an NCBI taxonomy code.","","","","","","","","","",,,,,"",,,,"IdentifierSequenceDesignation.organism",0,1,"",""
"IdentifierSequenceDesignation.description","","","",0,1,"","","","string {[]} {[]}
","Description of the genome sequence","A description of the genome sequence.","","","","","","","","","",,,,,"",,,,"IdentifierSequenceDesignation.description",0,1,"",""
