"Path","Slice Name","Alias(s)","Label","Min","Max","Must Support?","Is Modifier?","Is Summary?","Type(s)","Short","Definition","Comments","Requirements","Default Value","Meaning When Missing","Fixed Value","Pattern","Example","Minimum Value","Maximum Value","Maximum Length","Binding Strength","Binding Description","Binding Value Set","Code","Slicing Discriminator","Slicing Description","Slicing Ordered","Slicing Rules","Base Path","Base Min","Base Max","Condition(s)","Constraint(s)","Mapping: RIM Mapping"
"MolecularPreciseInterval","","","",0,*,"","","","","Molecular Precise Interval","Represents a precise interval with a specific coordinate-based start and end position","","","","","","","","","",,,,,"",,,,"Base",0,*,"",""
"MolecularPreciseInterval.numberingSystem","","","",1,1,"","","","code {[]} {[]}
","The numbering system used for coordinates","The numbering system used for counting residues for coordinates.  Common systems include 0-based inter-residue, 0-based residue, and 1-based residue.","","","","","","","","","",,,,,"",,,,"MolecularPreciseInterval.numberingSystem",1,1,"",""
"MolecularPreciseInterval.start","","","",1,1,"","","","integer {[]} {[]}
","Starting position of a defined interval","Starting position of a defined interval. Note: considering data type of ""Qty|Range"".","","","","","","","","","",,,,,"",,,,"MolecularPreciseInterval.start",1,1,"",""
"MolecularPreciseInterval.end","","","",1,1,"","","","integer {[]} {[]}
","End position of a defined interval","End position of a defined interval. Note: considering data type of ""Qty|Range"".","","","","","","","","","",,,,,"",,,,"MolecularPreciseInterval.end",1,1,"",""
