"Path","Slice Name","Alias(s)","Label","Min","Max","Must Support?","Is Modifier?","Is Summary?","Type(s)","Short","Definition","Comments","Requirements","Default Value","Meaning When Missing","Fixed Value","Pattern","Example","Minimum Value","Maximum Value","Maximum Length","Binding Strength","Binding Description","Binding Value Set","Code","Slicing Discriminator","Slicing Description","Slicing Ordered","Slicing Rules","Base Path","Base Min","Base Max","Condition(s)","Constraint(s)","Mapping: RIM Mapping"
"MolecularVariant","","","",0,*,"","","","","Molecular Variant","MolecularVariant resource","","","","","","","","","",,,,,"",,,,"Base",0,*,"",""
"MolecularVariant.molecularType","","","",0,1,"","","","CodeableConcept {[]} {[]}
","The type of molecule","The type of molecule","","","","","","","","","",,,,,"",,,,"MolecularVariant.molecularType",0,1,"",""
"MolecularVariant.primaryRepresentation","","","",1,1,"","","","BackboneElement {[]} {[]}
","Primary Representation","Primary Representation","","","","","","","","","",,,,,"",,,,"MolecularVariant.primaryRepresentation",1,1,"",""
"MolecularVariant.primaryRepresentation.identifier","","","",0,1,"","","","CodeableConcept {[]} {[]}
","Identifer","Identifer based representation of a variant","","","","","","","","","",,,,,"",,,,"MolecularVariant.primaryRepresentation.identifier",0,1,"",""
"MolecularVariant.primaryRepresentation.text","","","",0,1,"","","","BackboneElement {[]} {[]}
","Text","Text based representations","","","","","","","","","",,,,,"",,,,"MolecularVariant.primaryRepresentation.text",0,1,"",""
"MolecularVariant.primaryRepresentation.text.value","","","",1,1,"","","","string {[]} {[]}
","Value","Value for the textual representation","","","","","","","","","",,,,,"",,,,"MolecularVariant.primaryRepresentation.text.value",1,1,"",""
"MolecularVariant.primaryRepresentation.text.system","","","",1,1,"","","","CodeableConcept {[]} {[]}
","System","System where the value was drawn from","","","","","","","","","",,,,,"",,,,"MolecularVariant.primaryRepresentation.text.system",1,1,"",""
"MolecularVariant.primaryRepresentation.sequence","","","",0,1,"","","","BackboneElement {[]} {[]}
","Sequence","Sequence based representation of a variant","","","","","","","","","",,,,,"",,,,"MolecularVariant.primaryRepresentation.sequence",0,1,"",""
"MolecularVariant.primaryRepresentation.sequence.interval","","","",1,1,"","","","http://hl7.org/fhir/uv/cg-model/StructureDefinition/MolecularPreciseInterval {[]} {[]}
","Interval","Coordinates of the variant","","","","","","","","","",,,,,"",,,,"MolecularVariant.primaryRepresentation.sequence.interval",1,1,"",""
"MolecularVariant.primaryRepresentation.sequence.referenceSequence[x]","","","",1,1,"","","","http://hl7.org/fhir/uv/cg-model/StructureDefinition/GenomeSequenceDesignation {[]} {[]}
http://hl7.org/fhir/uv/cg-model/StructureDefinition/IdentifierSequenceDesignation {[]} {[]}","Reference Sequence","Reference Sequence","","","","","","","","","",,,,,"",,,,"MolecularVariant.primaryRepresentation.sequence.referenceSequence[x]",1,1,"",""
"MolecularVariant.primaryRepresentation.sequence.referenceAllele","","","",0,1,"","","","Reference {[]} {[CanonicalType[http://hl7.org/fhir/uv/cg-model/StructureDefinition/MolecularSequence]]}
","Reference Allele","Reference Allele","","","","","","","","","",,,,,"",,,,"MolecularVariant.primaryRepresentation.sequence.referenceAllele",0,1,"",""
"MolecularVariant.primaryRepresentation.sequence.alernateAllele","","","",1,1,"","","","Reference {[]} {[CanonicalType[http://hl7.org/fhir/uv/cg-model/StructureDefinition/MolecularSequence]]}
","Alternat Allele","Alternate Allele","","","","","","","","","",,,,,"",,,,"MolecularVariant.primaryRepresentation.sequence.alernateAllele",1,1,"",""
"MolecularVariant.primaryRepresentation.sequence.system","","","",1,1,"","","","CodeableConcept {[]} {[]}
","System","Specifying the format that defines the meaning of this sequence which may include business rules governing their interpretation (e.g. left versus right shifting)","","","","","","","","","",,,,,"",,,,"MolecularVariant.primaryRepresentation.sequence.system",1,1,"",""
"MolecularVariant.secondaryRepresentation","","","",0,*,"","","","BackboneElement {[]} {[]}
","Secondary Representation","Include any number of alternative representations for the variant","","","","","","","","","",,,,,"",,,,"MolecularVariant.secondaryRepresentation",0,*,"",""
"MolecularVariant.secondaryRepresentation.identifier","","","",0,1,"","","","CodeableConcept {[]} {[]}
","Identifer","Identifer based representation of a variant","","","","","","","","","",,,,,"",,,,"MolecularVariant.secondaryRepresentation.identifier",0,1,"",""
"MolecularVariant.secondaryRepresentation.text","","","",0,1,"","","","BackboneElement {[]} {[]}
","Text","Text based representations","","","","","","","","","",,,,,"",,,,"MolecularVariant.secondaryRepresentation.text",0,1,"",""
"MolecularVariant.secondaryRepresentation.text.value","","","",1,1,"","","","string {[]} {[]}
","Value","Value for the textual representation","","","","","","","","","",,,,,"",,,,"MolecularVariant.secondaryRepresentation.text.value",1,1,"",""
"MolecularVariant.secondaryRepresentation.text.system","","","",1,1,"","","","CodeableConcept {[]} {[]}
","System","System where the value was drawn from","","","","","","","","","",,,,,"",,,,"MolecularVariant.secondaryRepresentation.text.system",1,1,"",""
"MolecularVariant.secondaryRepresentation.sequence","","","",0,1,"","","","BackboneElement {[]} {[]}
","Sequence","Sequence based representation of a variant","","","","","","","","","",,,,,"",,,,"MolecularVariant.secondaryRepresentation.sequence",0,1,"",""
"MolecularVariant.secondaryRepresentation.sequence.interval","","","",1,1,"","","","http://hl7.org/fhir/uv/cg-model/StructureDefinition/MolecularPreciseInterval {[]} {[]}
","Interval","Coordinates of the variant","","","","","","","","","",,,,,"",,,,"MolecularVariant.secondaryRepresentation.sequence.interval",1,1,"",""
"MolecularVariant.secondaryRepresentation.sequence.referenceSequence[x]","","","",1,1,"","","","http://hl7.org/fhir/uv/cg-model/StructureDefinition/GenomeSequenceDesignation {[]} {[]}
http://hl7.org/fhir/uv/cg-model/StructureDefinition/IdentifierSequenceDesignation {[]} {[]}","Reference Sequence","Reference Sequence","","","","","","","","","",,,,,"",,,,"MolecularVariant.secondaryRepresentation.sequence.referenceSequence[x]",1,1,"",""
"MolecularVariant.secondaryRepresentation.sequence.referenceAllele","","","",0,1,"","","","Reference {[]} {[CanonicalType[http://hl7.org/fhir/uv/cg-model/StructureDefinition/MolecularSequence]]}
","Reference Allele","Reference Allele","","","","","","","","","",,,,,"",,,,"MolecularVariant.secondaryRepresentation.sequence.referenceAllele",0,1,"",""
"MolecularVariant.secondaryRepresentation.sequence.alernateAllele","","","",1,1,"","","","Reference {[]} {[CanonicalType[http://hl7.org/fhir/uv/cg-model/StructureDefinition/MolecularSequence]]}
","Alternat Allele","Alternate Allele","","","","","","","","","",,,,,"",,,,"MolecularVariant.secondaryRepresentation.sequence.alernateAllele",1,1,"",""
"MolecularVariant.secondaryRepresentation.sequence.system","","","",1,1,"","","","CodeableConcept {[]} {[]}
","System","Specifying the format that defines the meaning of this sequence which may include business rules governing their interpretation (e.g. left versus right shifting)","","","","","","","","","",,,,,"",,,,"MolecularVariant.secondaryRepresentation.sequence.system",1,1,"",""
"MolecularVariant.relationships","","","",0,*,"","","","BackboneElement {[]} {[]}
","Relationships","Other variants related to this variant","","","","","","","","","",,,,,"",,,,"MolecularVariant.relationships",0,*,"",""
"MolecularVariant.relationships.type","","","",1,1,"","","","CodeableConcept {[]} {[]}
","Type","Type of relationship","","","","","","","","","",,,,,"",,,,"MolecularVariant.relationships.type",1,1,"",""
"MolecularVariant.relationships.description","","","",0,1,"","","","string {[]} {[]}
","Description","Further description of the relationship","","","","","","","","","",,,,,"",,,,"MolecularVariant.relationships.description",0,1,"",""
"MolecularVariant.relationships.relatedVariant","","","",1,1,"","","","Reference {[]} {[CanonicalType[http://hl7.org/fhir/uv/cg-model/StructureDefinition/MolecularVariant]]}
","Related Variant","Target variant in the relationship","","","","","","","","","",,,,,"",,,,"MolecularVariant.relationships.relatedVariant",1,1,"",""
