<?xml version="1.0" encoding="UTF-8"?>

<StructureDefinition xmlns="http://hl7.org/fhir">
  <id value="IdentifierSequenceDesignation"/>
  <text>
    <status value="extensions"/><div xmlns="http://www.w3.org/1999/xhtml"><table border="0" cellpadding="0" cellspacing="0" style="border: 0px #F0F0F0 solid; font-size: 11px; font-family: verdana; vertical-align: top;"><tr style="border: 1px #F0F0F0 solid; font-size: 11px; font-family: verdana; vertical-align: top"><th style="vertical-align: top; text-align : left; background-color: white; border: 0px #F0F0F0 solid; padding:0px 4px 0px 4px" class="hierarchy"><a href="http://hl7.org/fhir/R4/formats.html#table" title="The logical name of the element">Name</a></th><th style="vertical-align: top; text-align : left; background-color: white; border: 0px #F0F0F0 solid; padding:0px 4px 0px 4px" class="hierarchy"><a href="http://hl7.org/fhir/R4/formats.html#table" title="Information about the use of the element">Flags</a></th><th style="vertical-align: top; text-align : left; background-color: white; border: 0px #F0F0F0 solid; padding:0px 4px 0px 4px" class="hierarchy"><a href="http://hl7.org/fhir/R4/formats.html#table" title="Minimum and Maximum # of times the the element can appear in the instance">Card.</a></th><th style="width: 100px" class="hierarchy"><a href="http://hl7.org/fhir/R4/formats.html#table" title="Reference to the type of the element">Type</a></th><th style="vertical-align: top; text-align : left; background-color: white; border: 0px #F0F0F0 solid; padding:0px 4px 0px 4px" class="hierarchy"><a href="http://hl7.org/fhir/R4/formats.html#table" title="Additional information about the element">Description &amp; Constraints</a><span style="float: right"><a href="http://hl7.org/fhir/R4/formats.html#table" title="Legend for this format"><img src="http://hl7.org/fhir/R4/help16.png" alt="doco" style="background-color: inherit"/></a></span></th></tr><tr style="border: 0px #F0F0F0 solid; padding:0px; vertical-align: top; background-color: white"><td style="vertical-align: top; text-align : left; background-color: white; border: 0px #F0F0F0 solid; padding:0px 4px 0px 4px; white-space: nowrap; background-image: url(tbl_bck1.png)" class="hierarchy"><img src="tbl_spacer.png" alt="." style="background-color: inherit" class="hierarchy"/><img src="icon_element.gif" alt="." style="background-color: white; background-color: inherit" title="Element" class="hierarchy"/> <a href="StructureDefinition-IdentifierSequenceDesignation-definitions.html#IdentifierSequenceDesignation" title="Datatype to support FHIR Genomics.  This datatype supports identifier/accession-style representations like GCA_000001405.28">IdentifierSequenceDesignation</a><a name="IdentifierSequenceDesignation"> </a></td><td style="vertical-align: top; text-align : left; background-color: white; border: 0px #F0F0F0 solid; padding:0px 4px 0px 4px" class="hierarchy"/><td style="vertical-align: top; text-align : left; background-color: white; border: 0px #F0F0F0 solid; padding:0px 4px 0px 4px" class="hierarchy"><span style="opacity: 0.5">0</span><span style="opacity: 0.5">..</span><span style="opacity: 0.5">*</span></td><td style="vertical-align: top; text-align : left; background-color: white; border: 0px #F0F0F0 solid; padding:0px 4px 0px 4px" class="hierarchy"/><td style="vertical-align: top; text-align : left; background-color: white; border: 0px #F0F0F0 solid; padding:0px 4px 0px 4px" class="hierarchy">Identifier Sequence Designation</td></tr>
<tr style="border: 0px #F0F0F0 solid; padding:0px; vertical-align: top; background-color: #F7F7F7"><td style="vertical-align: top; text-align : left; background-color: #F7F7F7; border: 0px #F0F0F0 solid; padding:0px 4px 0px 4px; white-space: nowrap; background-image: url(tbl_bck10.png)" class="hierarchy"><img src="tbl_spacer.png" alt="." style="background-color: inherit" class="hierarchy"/><img src="tbl_vjoin.png" alt="." style="background-color: inherit" class="hierarchy"/><img src="icon_datatype.gif" alt="." style="background-color: #F7F7F7; background-color: inherit" title="Data Type" class="hierarchy"/> <a href="StructureDefinition-IdentifierSequenceDesignation-definitions.html#IdentifierSequenceDesignation.identifier" title="The identifier or accession number of the sequence">identifier</a><a name="IdentifierSequenceDesignation.identifier"> </a></td><td style="vertical-align: top; text-align : left; background-color: #F7F7F7; border: 0px #F0F0F0 solid; padding:0px 4px 0px 4px" class="hierarchy"/><td style="vertical-align: top; text-align : left; background-color: #F7F7F7; border: 0px #F0F0F0 solid; padding:0px 4px 0px 4px" class="hierarchy">1..1</td><td style="vertical-align: top; text-align : left; background-color: #F7F7F7; border: 0px #F0F0F0 solid; padding:0px 4px 0px 4px" class="hierarchy"><a href="http://hl7.org/fhir/R4/datatypes.html#CodeableConcept">CodeableConcept</a></td><td style="vertical-align: top; text-align : left; background-color: #F7F7F7; border: 0px #F0F0F0 solid; padding:0px 4px 0px 4px" class="hierarchy">Sequence identifier or accession number</td></tr>
<tr style="border: 0px #F0F0F0 solid; padding:0px; vertical-align: top; background-color: white"><td style="vertical-align: top; text-align : left; background-color: white; border: 0px #F0F0F0 solid; padding:0px 4px 0px 4px; white-space: nowrap; background-image: url(tbl_bck10.png)" class="hierarchy"><img src="tbl_spacer.png" alt="." style="background-color: inherit" class="hierarchy"/><img src="tbl_vjoin.png" alt="." style="background-color: inherit" class="hierarchy"/><img src="icon_datatype.gif" alt="." style="background-color: white; background-color: inherit" title="Data Type" class="hierarchy"/> <a href="StructureDefinition-IdentifierSequenceDesignation-definitions.html#IdentifierSequenceDesignation.organism" title="The organism corresponding to the genome sequence, preferably expressed using an NCBI taxonomy code.">organism</a><a name="IdentifierSequenceDesignation.organism"> </a></td><td style="vertical-align: top; text-align : left; background-color: white; border: 0px #F0F0F0 solid; padding:0px 4px 0px 4px" class="hierarchy"/><td style="vertical-align: top; text-align : left; background-color: white; border: 0px #F0F0F0 solid; padding:0px 4px 0px 4px" class="hierarchy">0..1</td><td style="vertical-align: top; text-align : left; background-color: white; border: 0px #F0F0F0 solid; padding:0px 4px 0px 4px" class="hierarchy"><a href="http://hl7.org/fhir/R4/datatypes.html#CodeableConcept">CodeableConcept</a></td><td style="vertical-align: top; text-align : left; background-color: white; border: 0px #F0F0F0 solid; padding:0px 4px 0px 4px" class="hierarchy">Organism</td></tr>
<tr style="border: 0px #F0F0F0 solid; padding:0px; vertical-align: top; background-color: #F7F7F7"><td style="vertical-align: top; text-align : left; background-color: #F7F7F7; border: 0px #F0F0F0 solid; padding:0px 4px 0px 4px; white-space: nowrap; background-image: url(tbl_bck00.png)" class="hierarchy"><img src="tbl_spacer.png" alt="." style="background-color: inherit" class="hierarchy"/><img src="tbl_vjoin_end.png" alt="." style="background-color: inherit" class="hierarchy"/><img src="icon_primitive.png" alt="." style="background-color: #F7F7F7; background-color: inherit" title="Primitive Data Type" class="hierarchy"/> <a href="StructureDefinition-IdentifierSequenceDesignation-definitions.html#IdentifierSequenceDesignation.description" title="A description of the genome sequence.">description</a><a name="IdentifierSequenceDesignation.description"> </a></td><td style="vertical-align: top; text-align : left; background-color: #F7F7F7; border: 0px #F0F0F0 solid; padding:0px 4px 0px 4px" class="hierarchy"/><td style="vertical-align: top; text-align : left; background-color: #F7F7F7; border: 0px #F0F0F0 solid; padding:0px 4px 0px 4px" class="hierarchy">0..1</td><td style="vertical-align: top; text-align : left; background-color: #F7F7F7; border: 0px #F0F0F0 solid; padding:0px 4px 0px 4px" class="hierarchy"><a href="http://hl7.org/fhir/R4/datatypes.html#string">string</a></td><td style="vertical-align: top; text-align : left; background-color: #F7F7F7; border: 0px #F0F0F0 solid; padding:0px 4px 0px 4px" class="hierarchy">Description of the genome sequence</td></tr>
<tr><td colspan="5" class="hierarchy"><br/><a href="http://hl7.org/fhir/R4/formats.html#table" title="Legend for this format"><img src="http://hl7.org/fhir/R4/help16.png" alt="doco" style="background-color: inherit"/> Documentation for this format</a></td></tr></table></div>
  </text>
  <url value="http://hl7.org/fhir/uv/cg-model/StructureDefinition/IdentifierSequenceDesignation"/>
  <version value="0.1.0"/>
  <name value="IdentifierSequenceDesignation"/>
  <title value="Identifier Sequence Designation"/>
  <status value="active"/>
  <date value="2021-09-22T18:03:45-05:00"/>
  <publisher value="Clinical Genomics"/>
  <contact>
    <name value="Clinical Genomics"/>
    <telecom>
      <system value="url"/>
      <value value="http://example.org/example-publisher"/>
    </telecom>
  </contact>
  <description value="Datatype to support FHIR Genomics.  This datatype supports identifier/accession-style representations like GCA_000001405.28"/>
  <fhirVersion value="4.0.1"/>
  <mapping>
    <identity value="rim"/>
    <uri value="http://hl7.org/v3"/>
    <name value="RIM Mapping"/>
  </mapping>
  <kind value="logical"/>
  <abstract value="false"/>
  <type value="http://hl7.org/fhir/uv/cg-model/StructureDefinition/IdentifierSequenceDesignation"/>
  <baseDefinition value="http://hl7.org/fhir/StructureDefinition/Base"/>
  <derivation value="specialization"/>
  <snapshot>
    <element id="IdentifierSequenceDesignation">
      <path value="IdentifierSequenceDesignation"/>
      <short value="Identifier Sequence Designation"/>
      <definition value="Datatype to support FHIR Genomics.  This datatype supports identifier/accession-style representations like GCA_000001405.28"/>
      <min value="0"/>
      <max value="*"/>
      <base>
        <path value="Base"/>
        <min value="0"/>
        <max value="*"/>
      </base>
      <isModifier value="false"/>
    </element>
    <element id="IdentifierSequenceDesignation.identifier">
      <path value="IdentifierSequenceDesignation.identifier"/>
      <short value="Sequence identifier or accession number"/>
      <definition value="The identifier or accession number of the sequence"/>
      <min value="1"/>
      <max value="1"/>
      <base>
        <path value="IdentifierSequenceDesignation.identifier"/>
        <min value="1"/>
        <max value="1"/>
      </base>
      <type>
        <code value="CodeableConcept"/>
      </type>
    </element>
    <element id="IdentifierSequenceDesignation.organism">
      <path value="IdentifierSequenceDesignation.organism"/>
      <short value="Organism"/>
      <definition value="The organism corresponding to the genome sequence, preferably expressed using an NCBI taxonomy code."/>
      <min value="0"/>
      <max value="1"/>
      <base>
        <path value="IdentifierSequenceDesignation.organism"/>
        <min value="0"/>
        <max value="1"/>
      </base>
      <type>
        <code value="CodeableConcept"/>
      </type>
    </element>
    <element id="IdentifierSequenceDesignation.description">
      <path value="IdentifierSequenceDesignation.description"/>
      <short value="Description of the genome sequence"/>
      <definition value="A description of the genome sequence."/>
      <min value="0"/>
      <max value="1"/>
      <base>
        <path value="IdentifierSequenceDesignation.description"/>
        <min value="0"/>
        <max value="1"/>
      </base>
      <type>
        <code value="string"/>
      </type>
    </element>
  </snapshot>
  <differential>
    <element id="IdentifierSequenceDesignation">
      <path value="IdentifierSequenceDesignation"/>
      <short value="Identifier Sequence Designation"/>
      <definition value="Datatype to support FHIR Genomics.  This datatype supports identifier/accession-style representations like GCA_000001405.28"/>
    </element>
    <element id="IdentifierSequenceDesignation.identifier">
      <path value="IdentifierSequenceDesignation.identifier"/>
      <short value="Sequence identifier or accession number"/>
      <definition value="The identifier or accession number of the sequence"/>
      <min value="1"/>
      <max value="1"/>
      <type>
        <code value="CodeableConcept"/>
      </type>
    </element>
    <element id="IdentifierSequenceDesignation.organism">
      <path value="IdentifierSequenceDesignation.organism"/>
      <short value="Organism"/>
      <definition value="The organism corresponding to the genome sequence, preferably expressed using an NCBI taxonomy code."/>
      <min value="0"/>
      <max value="1"/>
      <type>
        <code value="CodeableConcept"/>
      </type>
    </element>
    <element id="IdentifierSequenceDesignation.description">
      <path value="IdentifierSequenceDesignation.description"/>
      <short value="Description of the genome sequence"/>
      <definition value="A description of the genome sequence."/>
      <min value="0"/>
      <max value="1"/>
      <type>
        <code value="string"/>
      </type>
    </element>
  </differential>
</StructureDefinition>