<?xml version="1.0" encoding="UTF-8"?>

<StructureDefinition xmlns="http://hl7.org/fhir">
  <id value="MolecularVariant"/>
  <text>
    <status value="extensions"/><div xmlns="http://www.w3.org/1999/xhtml"><table border="0" cellpadding="0" cellspacing="0" style="border: 0px #F0F0F0 solid; font-size: 11px; font-family: verdana; vertical-align: top;"><tr style="border: 1px #F0F0F0 solid; font-size: 11px; font-family: verdana; vertical-align: top"><th style="vertical-align: top; text-align : left; background-color: white; border: 0px #F0F0F0 solid; padding:0px 4px 0px 4px" class="hierarchy"><a href="http://hl7.org/fhir/R4/formats.html#table" title="The logical name of the element">Name</a></th><th style="vertical-align: top; text-align : left; background-color: white; border: 0px #F0F0F0 solid; padding:0px 4px 0px 4px" class="hierarchy"><a href="http://hl7.org/fhir/R4/formats.html#table" title="Information about the use of the element">Flags</a></th><th style="vertical-align: top; text-align : left; background-color: white; border: 0px #F0F0F0 solid; padding:0px 4px 0px 4px" class="hierarchy"><a href="http://hl7.org/fhir/R4/formats.html#table" title="Minimum and Maximum # of times the the element can appear in the instance">Card.</a></th><th style="width: 100px" class="hierarchy"><a href="http://hl7.org/fhir/R4/formats.html#table" title="Reference to the type of the element">Type</a></th><th style="vertical-align: top; text-align : left; background-color: white; border: 0px #F0F0F0 solid; padding:0px 4px 0px 4px" class="hierarchy"><a href="http://hl7.org/fhir/R4/formats.html#table" title="Additional information about the element">Description &amp; Constraints</a><span style="float: right"><a href="http://hl7.org/fhir/R4/formats.html#table" title="Legend for this format"><img src="http://hl7.org/fhir/R4/help16.png" alt="doco" style="background-color: inherit"/></a></span></th></tr><tr style="border: 0px #F0F0F0 solid; padding:0px; vertical-align: top; background-color: white"><td style="vertical-align: top; text-align : left; background-color: white; border: 0px #F0F0F0 solid; padding:0px 4px 0px 4px; white-space: nowrap; background-image: url(tbl_bck1.png)" class="hierarchy"><img src="tbl_spacer.png" alt="." style="background-color: inherit" class="hierarchy"/><img src="icon_element.gif" alt="." style="background-color: white; background-color: inherit" title="Element" class="hierarchy"/> <a href="StructureDefinition-MolecularVariant-definitions.html#MolecularVariant" title="MolecularVariant resource">MolecularVariant</a><a name="MolecularVariant"> </a></td><td style="vertical-align: top; text-align : left; background-color: white; border: 0px #F0F0F0 solid; padding:0px 4px 0px 4px" class="hierarchy"/><td style="vertical-align: top; text-align : left; background-color: white; border: 0px #F0F0F0 solid; padding:0px 4px 0px 4px" class="hierarchy"><span style="opacity: 0.5">0</span><span style="opacity: 0.5">..</span><span style="opacity: 0.5">*</span></td><td style="vertical-align: top; text-align : left; background-color: white; border: 0px #F0F0F0 solid; padding:0px 4px 0px 4px" class="hierarchy"/><td style="vertical-align: top; text-align : left; background-color: white; border: 0px #F0F0F0 solid; padding:0px 4px 0px 4px" class="hierarchy">Molecular Variant</td></tr>
<tr style="border: 0px #F0F0F0 solid; padding:0px; vertical-align: top; background-color: #F7F7F7"><td style="vertical-align: top; text-align : left; background-color: #F7F7F7; border: 0px #F0F0F0 solid; padding:0px 4px 0px 4px; white-space: nowrap; background-image: url(tbl_bck10.png)" class="hierarchy"><img src="tbl_spacer.png" alt="." style="background-color: inherit" class="hierarchy"/><img src="tbl_vjoin.png" alt="." style="background-color: inherit" class="hierarchy"/><img src="icon_datatype.gif" alt="." style="background-color: #F7F7F7; background-color: inherit" title="Data Type" class="hierarchy"/> <a href="StructureDefinition-MolecularVariant-definitions.html#MolecularVariant.molecularType" title="The type of molecule">molecularType</a><a name="MolecularVariant.molecularType"> </a></td><td style="vertical-align: top; text-align : left; background-color: #F7F7F7; border: 0px #F0F0F0 solid; padding:0px 4px 0px 4px" class="hierarchy"/><td style="vertical-align: top; text-align : left; background-color: #F7F7F7; border: 0px #F0F0F0 solid; padding:0px 4px 0px 4px" class="hierarchy">0..1</td><td style="vertical-align: top; text-align : left; background-color: #F7F7F7; border: 0px #F0F0F0 solid; padding:0px 4px 0px 4px" class="hierarchy"><a href="http://hl7.org/fhir/R4/datatypes.html#CodeableConcept">CodeableConcept</a></td><td style="vertical-align: top; text-align : left; background-color: #F7F7F7; border: 0px #F0F0F0 solid; padding:0px 4px 0px 4px" class="hierarchy">The type of molecule</td></tr>
<tr style="border: 0px #F0F0F0 solid; padding:0px; vertical-align: top; background-color: white"><td style="vertical-align: top; text-align : left; background-color: white; border: 0px #F0F0F0 solid; padding:0px 4px 0px 4px; white-space: nowrap; background-image: url(tbl_bck11.png)" class="hierarchy"><img src="tbl_spacer.png" alt="." style="background-color: inherit" class="hierarchy"/><img src="tbl_vjoin.png" alt="." style="background-color: inherit" class="hierarchy"/><img src="icon_datatype.gif" alt="." style="background-color: white; background-color: inherit" title="Data Type" class="hierarchy"/> <a href="StructureDefinition-MolecularVariant-definitions.html#MolecularVariant.primaryRepresentation" title="Primary Representation">primaryRepresentation</a><a name="MolecularVariant.primaryRepresentation"> </a></td><td style="vertical-align: top; text-align : left; background-color: white; border: 0px #F0F0F0 solid; padding:0px 4px 0px 4px" class="hierarchy"/><td style="vertical-align: top; text-align : left; background-color: white; border: 0px #F0F0F0 solid; padding:0px 4px 0px 4px" class="hierarchy">1..1</td><td style="vertical-align: top; text-align : left; background-color: white; border: 0px #F0F0F0 solid; padding:0px 4px 0px 4px" class="hierarchy"><a href="http://hl7.org/fhir/R4/datatypes.html#BackboneElement">BackboneElement</a></td><td style="vertical-align: top; text-align : left; background-color: white; border: 0px #F0F0F0 solid; padding:0px 4px 0px 4px" class="hierarchy">Primary Representation</td></tr>
<tr style="border: 0px #F0F0F0 solid; padding:0px; vertical-align: top; background-color: #F7F7F7"><td style="vertical-align: top; text-align : left; background-color: #F7F7F7; border: 0px #F0F0F0 solid; padding:0px 4px 0px 4px; white-space: nowrap; background-image: url(tbl_bck110.png)" class="hierarchy"><img src="tbl_spacer.png" alt="." style="background-color: inherit" class="hierarchy"/><img src="tbl_vline.png" alt="." style="background-color: inherit" class="hierarchy"/><img src="tbl_vjoin.png" alt="." style="background-color: inherit" class="hierarchy"/><img src="icon_datatype.gif" alt="." style="background-color: #F7F7F7; background-color: inherit" title="Data Type" class="hierarchy"/> <a href="StructureDefinition-MolecularVariant-definitions.html#MolecularVariant.primaryRepresentation.identifier" title="Identifer based representation of a variant">identifier</a><a name="MolecularVariant.primaryRepresentation.identifier"> </a></td><td style="vertical-align: top; text-align : left; background-color: #F7F7F7; border: 0px #F0F0F0 solid; padding:0px 4px 0px 4px" class="hierarchy"/><td style="vertical-align: top; text-align : left; background-color: #F7F7F7; border: 0px #F0F0F0 solid; padding:0px 4px 0px 4px" class="hierarchy">0..1</td><td style="vertical-align: top; text-align : left; background-color: #F7F7F7; border: 0px #F0F0F0 solid; padding:0px 4px 0px 4px" class="hierarchy"><a href="http://hl7.org/fhir/R4/datatypes.html#CodeableConcept">CodeableConcept</a></td><td style="vertical-align: top; text-align : left; background-color: #F7F7F7; border: 0px #F0F0F0 solid; padding:0px 4px 0px 4px" class="hierarchy">Identifer</td></tr>
<tr style="border: 0px #F0F0F0 solid; padding:0px; vertical-align: top; background-color: white"><td style="vertical-align: top; text-align : left; background-color: white; border: 0px #F0F0F0 solid; padding:0px 4px 0px 4px; white-space: nowrap; background-image: url(tbl_bck111.png)" class="hierarchy"><img src="tbl_spacer.png" alt="." style="background-color: inherit" class="hierarchy"/><img src="tbl_vline.png" alt="." style="background-color: inherit" class="hierarchy"/><img src="tbl_vjoin.png" alt="." style="background-color: inherit" class="hierarchy"/><img src="icon_datatype.gif" alt="." style="background-color: white; background-color: inherit" title="Data Type" class="hierarchy"/> <a href="StructureDefinition-MolecularVariant-definitions.html#MolecularVariant.primaryRepresentation.text" title="Text based representations">text</a><a name="MolecularVariant.primaryRepresentation.text"> </a></td><td style="vertical-align: top; text-align : left; background-color: white; border: 0px #F0F0F0 solid; padding:0px 4px 0px 4px" class="hierarchy"/><td style="vertical-align: top; text-align : left; background-color: white; border: 0px #F0F0F0 solid; padding:0px 4px 0px 4px" class="hierarchy">0..1</td><td style="vertical-align: top; text-align : left; background-color: white; border: 0px #F0F0F0 solid; padding:0px 4px 0px 4px" class="hierarchy"><a href="http://hl7.org/fhir/R4/datatypes.html#BackboneElement">BackboneElement</a></td><td style="vertical-align: top; text-align : left; background-color: white; border: 0px #F0F0F0 solid; padding:0px 4px 0px 4px" class="hierarchy">Text</td></tr>
<tr style="border: 0px #F0F0F0 solid; padding:0px; vertical-align: top; background-color: #F7F7F7"><td style="vertical-align: top; text-align : left; background-color: #F7F7F7; border: 0px #F0F0F0 solid; padding:0px 4px 0px 4px; white-space: nowrap; background-image: url(tbl_bck1110.png)" class="hierarchy"><img src="tbl_spacer.png" alt="." style="background-color: inherit" class="hierarchy"/><img src="tbl_vline.png" alt="." style="background-color: inherit" class="hierarchy"/><img src="tbl_vline.png" alt="." style="background-color: inherit" class="hierarchy"/><img src="tbl_vjoin.png" alt="." style="background-color: inherit" class="hierarchy"/><img src="icon_primitive.png" alt="." style="background-color: #F7F7F7; background-color: inherit" title="Primitive Data Type" class="hierarchy"/> <a href="StructureDefinition-MolecularVariant-definitions.html#MolecularVariant.primaryRepresentation.text.value" title="Value for the textual representation">value</a><a name="MolecularVariant.primaryRepresentation.text.value"> </a></td><td style="vertical-align: top; text-align : left; background-color: #F7F7F7; border: 0px #F0F0F0 solid; padding:0px 4px 0px 4px" class="hierarchy"/><td style="vertical-align: top; text-align : left; background-color: #F7F7F7; border: 0px #F0F0F0 solid; padding:0px 4px 0px 4px" class="hierarchy">1..1</td><td style="vertical-align: top; text-align : left; background-color: #F7F7F7; border: 0px #F0F0F0 solid; padding:0px 4px 0px 4px" class="hierarchy"><a href="http://hl7.org/fhir/R4/datatypes.html#string">string</a></td><td style="vertical-align: top; text-align : left; background-color: #F7F7F7; border: 0px #F0F0F0 solid; padding:0px 4px 0px 4px" class="hierarchy">Value</td></tr>
<tr style="border: 0px #F0F0F0 solid; padding:0px; vertical-align: top; background-color: white"><td style="vertical-align: top; text-align : left; background-color: white; border: 0px #F0F0F0 solid; padding:0px 4px 0px 4px; white-space: nowrap; background-image: url(tbl_bck1100.png)" class="hierarchy"><img src="tbl_spacer.png" alt="." style="background-color: inherit" class="hierarchy"/><img src="tbl_vline.png" alt="." style="background-color: inherit" class="hierarchy"/><img src="tbl_vline.png" alt="." style="background-color: inherit" class="hierarchy"/><img src="tbl_vjoin_end.png" alt="." style="background-color: inherit" class="hierarchy"/><img src="icon_datatype.gif" alt="." style="background-color: white; background-color: inherit" title="Data Type" class="hierarchy"/> <a href="StructureDefinition-MolecularVariant-definitions.html#MolecularVariant.primaryRepresentation.text.system" title="System where the value was drawn from">system</a><a name="MolecularVariant.primaryRepresentation.text.system"> </a></td><td style="vertical-align: top; text-align : left; background-color: white; border: 0px #F0F0F0 solid; padding:0px 4px 0px 4px" class="hierarchy"/><td style="vertical-align: top; text-align : left; background-color: white; border: 0px #F0F0F0 solid; padding:0px 4px 0px 4px" class="hierarchy">1..1</td><td style="vertical-align: top; text-align : left; background-color: white; border: 0px #F0F0F0 solid; padding:0px 4px 0px 4px" class="hierarchy"><a href="http://hl7.org/fhir/R4/datatypes.html#CodeableConcept">CodeableConcept</a></td><td style="vertical-align: top; text-align : left; background-color: white; border: 0px #F0F0F0 solid; padding:0px 4px 0px 4px" class="hierarchy">System</td></tr>
<tr style="border: 0px #F0F0F0 solid; padding:0px; vertical-align: top; background-color: #F7F7F7"><td style="vertical-align: top; text-align : left; background-color: #F7F7F7; border: 0px #F0F0F0 solid; padding:0px 4px 0px 4px; white-space: nowrap; background-image: url(tbl_bck101.png)" class="hierarchy"><img src="tbl_spacer.png" alt="." style="background-color: inherit" class="hierarchy"/><img src="tbl_vline.png" alt="." style="background-color: inherit" class="hierarchy"/><img src="tbl_vjoin_end.png" alt="." style="background-color: inherit" class="hierarchy"/><img src="icon_datatype.gif" alt="." style="background-color: #F7F7F7; background-color: inherit" title="Data Type" class="hierarchy"/> <a href="StructureDefinition-MolecularVariant-definitions.html#MolecularVariant.primaryRepresentation.sequence" title="Sequence based representation of a variant">sequence</a><a name="MolecularVariant.primaryRepresentation.sequence"> </a></td><td style="vertical-align: top; text-align : left; background-color: #F7F7F7; border: 0px #F0F0F0 solid; padding:0px 4px 0px 4px" class="hierarchy"/><td style="vertical-align: top; text-align : left; background-color: #F7F7F7; border: 0px #F0F0F0 solid; padding:0px 4px 0px 4px" class="hierarchy">0..1</td><td style="vertical-align: top; text-align : left; background-color: #F7F7F7; border: 0px #F0F0F0 solid; padding:0px 4px 0px 4px" class="hierarchy"><a href="http://hl7.org/fhir/R4/datatypes.html#BackboneElement">BackboneElement</a></td><td style="vertical-align: top; text-align : left; background-color: #F7F7F7; border: 0px #F0F0F0 solid; padding:0px 4px 0px 4px" class="hierarchy">Sequence</td></tr>
<tr style="border: 0px #F0F0F0 solid; padding:0px; vertical-align: top; background-color: white"><td style="vertical-align: top; text-align : left; background-color: white; border: 0px #F0F0F0 solid; padding:0px 4px 0px 4px; white-space: nowrap; background-image: url(tbl_bck1010.png)" class="hierarchy"><img src="tbl_spacer.png" alt="." style="background-color: inherit" class="hierarchy"/><img src="tbl_vline.png" alt="." style="background-color: inherit" class="hierarchy"/><img src="tbl_blank.png" alt="." style="background-color: inherit" class="hierarchy"/><img src="tbl_vjoin.png" alt="." style="background-color: inherit" class="hierarchy"/><img src="icon_resource.png" alt="." style="background-color: white; background-color: inherit" title="Resource" class="hierarchy"/> <a href="StructureDefinition-MolecularVariant-definitions.html#MolecularVariant.primaryRepresentation.sequence.interval" title="Coordinates of the variant">interval</a><a name="MolecularVariant.primaryRepresentation.sequence.interval"> </a></td><td style="vertical-align: top; text-align : left; background-color: white; border: 0px #F0F0F0 solid; padding:0px 4px 0px 4px" class="hierarchy"/><td style="vertical-align: top; text-align : left; background-color: white; border: 0px #F0F0F0 solid; padding:0px 4px 0px 4px" class="hierarchy">1..1</td><td style="vertical-align: top; text-align : left; background-color: white; border: 0px #F0F0F0 solid; padding:0px 4px 0px 4px" class="hierarchy"><a href="StructureDefinition-MolecularPreciseInterval.html">http://hl7.org/fhir/uv/cg-model/StructureDefinition/MolecularPreciseInterval</a></td><td style="vertical-align: top; text-align : left; background-color: white; border: 0px #F0F0F0 solid; padding:0px 4px 0px 4px" class="hierarchy">Interval</td></tr>
<tr style="border: 0px #F0F0F0 solid; padding:0px; vertical-align: top; background-color: #F7F7F7"><td style="vertical-align: top; text-align : left; background-color: #F7F7F7; border: 0px #F0F0F0 solid; padding:0px 4px 0px 4px; white-space: nowrap; background-image: url(tbl_bck1011.png)" class="hierarchy"><img src="tbl_spacer.png" alt="." style="background-color: inherit" class="hierarchy"/><img src="tbl_vline.png" alt="." style="background-color: inherit" class="hierarchy"/><img src="tbl_blank.png" alt="." style="background-color: inherit" class="hierarchy"/><img src="tbl_vjoin.png" alt="." style="background-color: inherit" class="hierarchy"/><img src="icon_choice.gif" alt="." style="background-color: #F7F7F7; background-color: inherit" title="Choice of Types" class="hierarchy"/> <a href="StructureDefinition-MolecularVariant-definitions.html#MolecularVariant.primaryRepresentation.sequence.referenceSequence[x]" title="Reference Sequence">referenceSequence[x]</a><a name="MolecularVariant.primaryRepresentation.sequence.referenceSequence_x_"> </a></td><td style="vertical-align: top; text-align : left; background-color: #F7F7F7; border: 0px #F0F0F0 solid; padding:0px 4px 0px 4px" class="hierarchy"/><td style="vertical-align: top; text-align : left; background-color: #F7F7F7; border: 0px #F0F0F0 solid; padding:0px 4px 0px 4px" class="hierarchy">1..1</td><td style="vertical-align: top; text-align : left; background-color: #F7F7F7; border: 0px #F0F0F0 solid; padding:0px 4px 0px 4px" class="hierarchy"/><td style="vertical-align: top; text-align : left; background-color: #F7F7F7; border: 0px #F0F0F0 solid; padding:0px 4px 0px 4px" class="hierarchy">Reference Sequence</td></tr>
<tr style="border: 0px #F0F0F0 solid; padding:0px; vertical-align: top; background-color: white"><td style="vertical-align: top; text-align : left; background-color: white; border: 0px #F0F0F0 solid; padding:0px 4px 0px 4px; white-space: nowrap; background-image: url(tbl_bck10110.png)" class="hierarchy"><img src="tbl_spacer.png" alt="." style="background-color: inherit" class="hierarchy"/><img src="tbl_vline.png" alt="." style="background-color: inherit" class="hierarchy"/><img src="tbl_blank.png" alt="." style="background-color: inherit" class="hierarchy"/><img src="tbl_vline.png" alt="." style="background-color: inherit" class="hierarchy"/><img src="tbl_vjoin.png" alt="." style="background-color: inherit" class="hierarchy"/><img src="icon_datatype.gif" alt="." style="background-color: white; background-color: inherit" title="Data Type" class="hierarchy"/> <span title="Datatype to support FHIR Genomics.  This datatype supports representations like GRCH38.p13 Chromosome 1">referenceSequenceHttp://hl7.org/fhir/uv/cg-model/StructureDefinition/GenomeSequenceDesignation</span></td><td style="vertical-align: top; text-align : left; background-color: white; border: 0px #F0F0F0 solid; padding:0px 4px 0px 4px" class="hierarchy"/><td style="vertical-align: top; text-align : left; background-color: white; border: 0px #F0F0F0 solid; padding:0px 4px 0px 4px" class="hierarchy"></td><td style="vertical-align: top; text-align : left; background-color: white; border: 0px #F0F0F0 solid; padding:0px 4px 0px 4px" class="hierarchy"><a href="StructureDefinition-GenomeSequenceDesignation.html">http://hl7.org/fhir/uv/cg-model/StructureDefinition/GenomeSequenceDesignation</a></td><td style="vertical-align: top; text-align : left; background-color: white; border: 0px #F0F0F0 solid; padding:0px 4px 0px 4px" class="hierarchy"/></tr>
<tr style="border: 0px #F0F0F0 solid; padding:0px; vertical-align: top; background-color: #F7F7F7"><td style="vertical-align: top; text-align : left; background-color: #F7F7F7; border: 0px #F0F0F0 solid; padding:0px 4px 0px 4px; white-space: nowrap; background-image: url(tbl_bck10100.png)" class="hierarchy"><img src="tbl_spacer.png" alt="." style="background-color: inherit" class="hierarchy"/><img src="tbl_vline.png" alt="." style="background-color: inherit" class="hierarchy"/><img src="tbl_blank.png" alt="." style="background-color: inherit" class="hierarchy"/><img src="tbl_vline.png" alt="." style="background-color: inherit" class="hierarchy"/><img src="tbl_vjoin_end.png" alt="." style="background-color: inherit" class="hierarchy"/><img src="icon_datatype.gif" alt="." style="background-color: #F7F7F7; background-color: inherit" title="Data Type" class="hierarchy"/> <span title="Datatype to support FHIR Genomics.  This datatype supports identifier/accession-style representations like GCA_000001405.28">referenceSequenceHttp://hl7.org/fhir/uv/cg-model/StructureDefinition/IdentifierSequenceDesignation</span></td><td style="vertical-align: top; text-align : left; background-color: #F7F7F7; border: 0px #F0F0F0 solid; padding:0px 4px 0px 4px" class="hierarchy"/><td style="vertical-align: top; text-align : left; background-color: #F7F7F7; border: 0px #F0F0F0 solid; padding:0px 4px 0px 4px" class="hierarchy"></td><td style="vertical-align: top; text-align : left; background-color: #F7F7F7; border: 0px #F0F0F0 solid; padding:0px 4px 0px 4px" class="hierarchy"><a href="StructureDefinition-IdentifierSequenceDesignation.html">http://hl7.org/fhir/uv/cg-model/StructureDefinition/IdentifierSequenceDesignation</a></td><td style="vertical-align: top; text-align : left; background-color: #F7F7F7; border: 0px #F0F0F0 solid; padding:0px 4px 0px 4px" class="hierarchy"/></tr>
<tr style="border: 0px #F0F0F0 solid; padding:0px; vertical-align: top; background-color: white"><td style="vertical-align: top; text-align : left; background-color: white; border: 0px #F0F0F0 solid; padding:0px 4px 0px 4px; white-space: nowrap; background-image: url(tbl_bck1010.png)" class="hierarchy"><img src="tbl_spacer.png" alt="." style="background-color: inherit" class="hierarchy"/><img src="tbl_vline.png" alt="." style="background-color: inherit" class="hierarchy"/><img src="tbl_blank.png" alt="." style="background-color: inherit" class="hierarchy"/><img src="tbl_vjoin.png" alt="." style="background-color: inherit" class="hierarchy"/><img src="icon_reference.png" alt="." style="background-color: white; background-color: inherit" title="Reference to another Resource" class="hierarchy"/> <a href="StructureDefinition-MolecularVariant-definitions.html#MolecularVariant.primaryRepresentation.sequence.referenceAllele" title="Reference Allele">referenceAllele</a><a name="MolecularVariant.primaryRepresentation.sequence.referenceAllele"> </a></td><td style="vertical-align: top; text-align : left; background-color: white; border: 0px #F0F0F0 solid; padding:0px 4px 0px 4px" class="hierarchy"/><td style="vertical-align: top; text-align : left; background-color: white; border: 0px #F0F0F0 solid; padding:0px 4px 0px 4px" class="hierarchy">0..1</td><td style="vertical-align: top; text-align : left; background-color: white; border: 0px #F0F0F0 solid; padding:0px 4px 0px 4px" class="hierarchy"><a href="http://hl7.org/fhir/R4/references.html">Reference</a>(<a href="StructureDefinition-MolecularSequence.html">Molecular Sequence</a>)</td><td style="vertical-align: top; text-align : left; background-color: white; border: 0px #F0F0F0 solid; padding:0px 4px 0px 4px" class="hierarchy">Reference Allele</td></tr>
<tr style="border: 0px #F0F0F0 solid; padding:0px; vertical-align: top; background-color: #F7F7F7"><td style="vertical-align: top; text-align : left; background-color: #F7F7F7; border: 0px #F0F0F0 solid; padding:0px 4px 0px 4px; white-space: nowrap; background-image: url(tbl_bck1010.png)" class="hierarchy"><img src="tbl_spacer.png" alt="." style="background-color: inherit" class="hierarchy"/><img src="tbl_vline.png" alt="." style="background-color: inherit" class="hierarchy"/><img src="tbl_blank.png" alt="." style="background-color: inherit" class="hierarchy"/><img src="tbl_vjoin.png" alt="." style="background-color: inherit" class="hierarchy"/><img src="icon_reference.png" alt="." style="background-color: #F7F7F7; background-color: inherit" title="Reference to another Resource" class="hierarchy"/> <a href="StructureDefinition-MolecularVariant-definitions.html#MolecularVariant.primaryRepresentation.sequence.alernateAllele" title="Alternate Allele">alernateAllele</a><a name="MolecularVariant.primaryRepresentation.sequence.alernateAllele"> </a></td><td style="vertical-align: top; text-align : left; background-color: #F7F7F7; border: 0px #F0F0F0 solid; padding:0px 4px 0px 4px" class="hierarchy"/><td style="vertical-align: top; text-align : left; background-color: #F7F7F7; border: 0px #F0F0F0 solid; padding:0px 4px 0px 4px" class="hierarchy">1..1</td><td style="vertical-align: top; text-align : left; background-color: #F7F7F7; border: 0px #F0F0F0 solid; padding:0px 4px 0px 4px" class="hierarchy"><a href="http://hl7.org/fhir/R4/references.html">Reference</a>(<a href="StructureDefinition-MolecularSequence.html">Molecular Sequence</a>)</td><td style="vertical-align: top; text-align : left; background-color: #F7F7F7; border: 0px #F0F0F0 solid; padding:0px 4px 0px 4px" class="hierarchy">Alternat Allele</td></tr>
<tr style="border: 0px #F0F0F0 solid; padding:0px; vertical-align: top; background-color: white"><td style="vertical-align: top; text-align : left; background-color: white; border: 0px #F0F0F0 solid; padding:0px 4px 0px 4px; white-space: nowrap; background-image: url(tbl_bck1000.png)" class="hierarchy"><img src="tbl_spacer.png" alt="." style="background-color: inherit" class="hierarchy"/><img src="tbl_vline.png" alt="." style="background-color: inherit" class="hierarchy"/><img src="tbl_blank.png" alt="." style="background-color: inherit" class="hierarchy"/><img src="tbl_vjoin_end.png" alt="." style="background-color: inherit" class="hierarchy"/><img src="icon_datatype.gif" alt="." style="background-color: white; background-color: inherit" title="Data Type" class="hierarchy"/> <a href="StructureDefinition-MolecularVariant-definitions.html#MolecularVariant.primaryRepresentation.sequence.system" title="Specifying the format that defines the meaning of this sequence which may include business rules governing their interpretation (e.g. left versus right shifting)">system</a><a name="MolecularVariant.primaryRepresentation.sequence.system"> </a></td><td style="vertical-align: top; text-align : left; background-color: white; border: 0px #F0F0F0 solid; padding:0px 4px 0px 4px" class="hierarchy"/><td style="vertical-align: top; text-align : left; background-color: white; border: 0px #F0F0F0 solid; padding:0px 4px 0px 4px" class="hierarchy">1..1</td><td style="vertical-align: top; text-align : left; background-color: white; border: 0px #F0F0F0 solid; padding:0px 4px 0px 4px" class="hierarchy"><a href="http://hl7.org/fhir/R4/datatypes.html#CodeableConcept">CodeableConcept</a></td><td style="vertical-align: top; text-align : left; background-color: white; border: 0px #F0F0F0 solid; padding:0px 4px 0px 4px" class="hierarchy">System</td></tr>
<tr style="border: 0px #F0F0F0 solid; padding:0px; vertical-align: top; background-color: #F7F7F7"><td style="vertical-align: top; text-align : left; background-color: #F7F7F7; border: 0px #F0F0F0 solid; padding:0px 4px 0px 4px; white-space: nowrap; background-image: url(tbl_bck11.png)" class="hierarchy"><img src="tbl_spacer.png" alt="." style="background-color: inherit" class="hierarchy"/><img src="tbl_vjoin.png" alt="." style="background-color: inherit" class="hierarchy"/><img src="icon_datatype.gif" alt="." style="background-color: #F7F7F7; background-color: inherit" title="Data Type" class="hierarchy"/> <a href="StructureDefinition-MolecularVariant-definitions.html#MolecularVariant.secondaryRepresentation" title="Include any number of alternative representations for the variant">secondaryRepresentation</a><a name="MolecularVariant.secondaryRepresentation"> </a></td><td style="vertical-align: top; text-align : left; background-color: #F7F7F7; border: 0px #F0F0F0 solid; padding:0px 4px 0px 4px" class="hierarchy"/><td style="vertical-align: top; text-align : left; background-color: #F7F7F7; border: 0px #F0F0F0 solid; padding:0px 4px 0px 4px" class="hierarchy">0..*</td><td style="vertical-align: top; text-align : left; background-color: #F7F7F7; border: 0px #F0F0F0 solid; padding:0px 4px 0px 4px" class="hierarchy"><a href="http://hl7.org/fhir/R4/datatypes.html#BackboneElement">BackboneElement</a></td><td style="vertical-align: top; text-align : left; background-color: #F7F7F7; border: 0px #F0F0F0 solid; padding:0px 4px 0px 4px" class="hierarchy">Secondary Representation<br/></td></tr>
<tr style="border: 0px #F0F0F0 solid; padding:0px; vertical-align: top; background-color: white"><td style="vertical-align: top; text-align : left; background-color: white; border: 0px #F0F0F0 solid; padding:0px 4px 0px 4px; white-space: nowrap; background-image: url(tbl_bck110.png)" class="hierarchy"><img src="tbl_spacer.png" alt="." style="background-color: inherit" class="hierarchy"/><img src="tbl_vline.png" alt="." style="background-color: inherit" class="hierarchy"/><img src="tbl_vjoin.png" alt="." style="background-color: inherit" class="hierarchy"/><img src="icon_datatype.gif" alt="." style="background-color: white; background-color: inherit" title="Data Type" class="hierarchy"/> <a href="StructureDefinition-MolecularVariant-definitions.html#MolecularVariant.secondaryRepresentation.identifier" title="Identifer based representation of a variant">identifier</a><a name="MolecularVariant.secondaryRepresentation.identifier"> </a></td><td style="vertical-align: top; text-align : left; background-color: white; border: 0px #F0F0F0 solid; padding:0px 4px 0px 4px" class="hierarchy"/><td style="vertical-align: top; text-align : left; background-color: white; border: 0px #F0F0F0 solid; padding:0px 4px 0px 4px" class="hierarchy">0..1</td><td style="vertical-align: top; text-align : left; background-color: white; border: 0px #F0F0F0 solid; padding:0px 4px 0px 4px" class="hierarchy"><a href="http://hl7.org/fhir/R4/datatypes.html#CodeableConcept">CodeableConcept</a></td><td style="vertical-align: top; text-align : left; background-color: white; border: 0px #F0F0F0 solid; padding:0px 4px 0px 4px" class="hierarchy">Identifer</td></tr>
<tr style="border: 0px #F0F0F0 solid; padding:0px; vertical-align: top; background-color: #F7F7F7"><td style="vertical-align: top; text-align : left; background-color: #F7F7F7; border: 0px #F0F0F0 solid; padding:0px 4px 0px 4px; white-space: nowrap; background-image: url(tbl_bck111.png)" class="hierarchy"><img src="tbl_spacer.png" alt="." style="background-color: inherit" class="hierarchy"/><img src="tbl_vline.png" alt="." style="background-color: inherit" class="hierarchy"/><img src="tbl_vjoin.png" alt="." style="background-color: inherit" class="hierarchy"/><img src="icon_datatype.gif" alt="." style="background-color: #F7F7F7; background-color: inherit" title="Data Type" class="hierarchy"/> <a href="StructureDefinition-MolecularVariant-definitions.html#MolecularVariant.secondaryRepresentation.text" title="Text based representations">text</a><a name="MolecularVariant.secondaryRepresentation.text"> </a></td><td style="vertical-align: top; text-align : left; background-color: #F7F7F7; border: 0px #F0F0F0 solid; padding:0px 4px 0px 4px" class="hierarchy"/><td style="vertical-align: top; text-align : left; background-color: #F7F7F7; border: 0px #F0F0F0 solid; padding:0px 4px 0px 4px" class="hierarchy">0..1</td><td style="vertical-align: top; text-align : left; background-color: #F7F7F7; border: 0px #F0F0F0 solid; padding:0px 4px 0px 4px" class="hierarchy"><a href="http://hl7.org/fhir/R4/datatypes.html#BackboneElement">BackboneElement</a></td><td style="vertical-align: top; text-align : left; background-color: #F7F7F7; border: 0px #F0F0F0 solid; padding:0px 4px 0px 4px" class="hierarchy">Text</td></tr>
<tr style="border: 0px #F0F0F0 solid; padding:0px; vertical-align: top; background-color: white"><td style="vertical-align: top; text-align : left; background-color: white; border: 0px #F0F0F0 solid; padding:0px 4px 0px 4px; white-space: nowrap; background-image: url(tbl_bck1110.png)" class="hierarchy"><img src="tbl_spacer.png" alt="." style="background-color: inherit" class="hierarchy"/><img src="tbl_vline.png" alt="." style="background-color: inherit" class="hierarchy"/><img src="tbl_vline.png" alt="." style="background-color: inherit" class="hierarchy"/><img src="tbl_vjoin.png" alt="." style="background-color: inherit" class="hierarchy"/><img src="icon_primitive.png" alt="." style="background-color: white; background-color: inherit" title="Primitive Data Type" class="hierarchy"/> <a href="StructureDefinition-MolecularVariant-definitions.html#MolecularVariant.secondaryRepresentation.text.value" title="Value for the textual representation">value</a><a name="MolecularVariant.secondaryRepresentation.text.value"> </a></td><td style="vertical-align: top; text-align : left; background-color: white; border: 0px #F0F0F0 solid; padding:0px 4px 0px 4px" class="hierarchy"/><td style="vertical-align: top; text-align : left; background-color: white; border: 0px #F0F0F0 solid; padding:0px 4px 0px 4px" class="hierarchy">1..1</td><td style="vertical-align: top; text-align : left; background-color: white; border: 0px #F0F0F0 solid; padding:0px 4px 0px 4px" class="hierarchy"><a href="http://hl7.org/fhir/R4/datatypes.html#string">string</a></td><td style="vertical-align: top; text-align : left; background-color: white; border: 0px #F0F0F0 solid; padding:0px 4px 0px 4px" class="hierarchy">Value</td></tr>
<tr style="border: 0px #F0F0F0 solid; padding:0px; vertical-align: top; background-color: #F7F7F7"><td style="vertical-align: top; text-align : left; background-color: #F7F7F7; border: 0px #F0F0F0 solid; padding:0px 4px 0px 4px; white-space: nowrap; background-image: url(tbl_bck1100.png)" class="hierarchy"><img src="tbl_spacer.png" alt="." style="background-color: inherit" class="hierarchy"/><img src="tbl_vline.png" alt="." style="background-color: inherit" class="hierarchy"/><img src="tbl_vline.png" alt="." style="background-color: inherit" class="hierarchy"/><img src="tbl_vjoin_end.png" alt="." style="background-color: inherit" class="hierarchy"/><img src="icon_datatype.gif" alt="." style="background-color: #F7F7F7; background-color: inherit" title="Data Type" class="hierarchy"/> <a href="StructureDefinition-MolecularVariant-definitions.html#MolecularVariant.secondaryRepresentation.text.system" title="System where the value was drawn from">system</a><a name="MolecularVariant.secondaryRepresentation.text.system"> </a></td><td style="vertical-align: top; text-align : left; background-color: #F7F7F7; border: 0px #F0F0F0 solid; padding:0px 4px 0px 4px" class="hierarchy"/><td style="vertical-align: top; text-align : left; background-color: #F7F7F7; border: 0px #F0F0F0 solid; padding:0px 4px 0px 4px" class="hierarchy">1..1</td><td style="vertical-align: top; text-align : left; background-color: #F7F7F7; border: 0px #F0F0F0 solid; padding:0px 4px 0px 4px" class="hierarchy"><a href="http://hl7.org/fhir/R4/datatypes.html#CodeableConcept">CodeableConcept</a></td><td style="vertical-align: top; text-align : left; background-color: #F7F7F7; border: 0px #F0F0F0 solid; padding:0px 4px 0px 4px" class="hierarchy">System</td></tr>
<tr style="border: 0px #F0F0F0 solid; padding:0px; vertical-align: top; background-color: white"><td style="vertical-align: top; text-align : left; background-color: white; border: 0px #F0F0F0 solid; padding:0px 4px 0px 4px; white-space: nowrap; background-image: url(tbl_bck101.png)" class="hierarchy"><img src="tbl_spacer.png" alt="." style="background-color: inherit" class="hierarchy"/><img src="tbl_vline.png" alt="." style="background-color: inherit" class="hierarchy"/><img src="tbl_vjoin_end.png" alt="." style="background-color: inherit" class="hierarchy"/><img src="icon_datatype.gif" alt="." style="background-color: white; background-color: inherit" title="Data Type" class="hierarchy"/> <a href="StructureDefinition-MolecularVariant-definitions.html#MolecularVariant.secondaryRepresentation.sequence" title="Sequence based representation of a variant">sequence</a><a name="MolecularVariant.secondaryRepresentation.sequence"> </a></td><td style="vertical-align: top; text-align : left; background-color: white; border: 0px #F0F0F0 solid; padding:0px 4px 0px 4px" class="hierarchy"/><td style="vertical-align: top; text-align : left; background-color: white; border: 0px #F0F0F0 solid; padding:0px 4px 0px 4px" class="hierarchy">0..1</td><td style="vertical-align: top; text-align : left; background-color: white; border: 0px #F0F0F0 solid; padding:0px 4px 0px 4px" class="hierarchy"><a href="http://hl7.org/fhir/R4/datatypes.html#BackboneElement">BackboneElement</a></td><td style="vertical-align: top; text-align : left; background-color: white; border: 0px #F0F0F0 solid; padding:0px 4px 0px 4px" class="hierarchy">Sequence</td></tr>
<tr style="border: 0px #F0F0F0 solid; padding:0px; vertical-align: top; background-color: #F7F7F7"><td style="vertical-align: top; text-align : left; background-color: #F7F7F7; border: 0px #F0F0F0 solid; padding:0px 4px 0px 4px; white-space: nowrap; background-image: url(tbl_bck1010.png)" class="hierarchy"><img src="tbl_spacer.png" alt="." style="background-color: inherit" class="hierarchy"/><img src="tbl_vline.png" alt="." style="background-color: inherit" class="hierarchy"/><img src="tbl_blank.png" alt="." style="background-color: inherit" class="hierarchy"/><img src="tbl_vjoin.png" alt="." style="background-color: inherit" class="hierarchy"/><img src="icon_resource.png" alt="." style="background-color: #F7F7F7; background-color: inherit" title="Resource" class="hierarchy"/> <a href="StructureDefinition-MolecularVariant-definitions.html#MolecularVariant.secondaryRepresentation.sequence.interval" title="Coordinates of the variant">interval</a><a name="MolecularVariant.secondaryRepresentation.sequence.interval"> </a></td><td style="vertical-align: top; text-align : left; background-color: #F7F7F7; border: 0px #F0F0F0 solid; padding:0px 4px 0px 4px" class="hierarchy"/><td style="vertical-align: top; text-align : left; background-color: #F7F7F7; border: 0px #F0F0F0 solid; padding:0px 4px 0px 4px" class="hierarchy">1..1</td><td style="vertical-align: top; text-align : left; background-color: #F7F7F7; border: 0px #F0F0F0 solid; padding:0px 4px 0px 4px" class="hierarchy"><a href="StructureDefinition-MolecularPreciseInterval.html">http://hl7.org/fhir/uv/cg-model/StructureDefinition/MolecularPreciseInterval</a></td><td style="vertical-align: top; text-align : left; background-color: #F7F7F7; border: 0px #F0F0F0 solid; padding:0px 4px 0px 4px" class="hierarchy">Interval</td></tr>
<tr style="border: 0px #F0F0F0 solid; padding:0px; vertical-align: top; background-color: white"><td style="vertical-align: top; text-align : left; background-color: white; border: 0px #F0F0F0 solid; padding:0px 4px 0px 4px; white-space: nowrap; background-image: url(tbl_bck1011.png)" class="hierarchy"><img src="tbl_spacer.png" alt="." style="background-color: inherit" class="hierarchy"/><img src="tbl_vline.png" alt="." style="background-color: inherit" class="hierarchy"/><img src="tbl_blank.png" alt="." style="background-color: inherit" class="hierarchy"/><img src="tbl_vjoin.png" alt="." style="background-color: inherit" class="hierarchy"/><img src="icon_choice.gif" alt="." style="background-color: white; background-color: inherit" title="Choice of Types" class="hierarchy"/> <a href="StructureDefinition-MolecularVariant-definitions.html#MolecularVariant.secondaryRepresentation.sequence.referenceSequence[x]" title="Reference Sequence">referenceSequence[x]</a><a name="MolecularVariant.secondaryRepresentation.sequence.referenceSequence_x_"> </a></td><td style="vertical-align: top; text-align : left; background-color: white; border: 0px #F0F0F0 solid; padding:0px 4px 0px 4px" class="hierarchy"/><td style="vertical-align: top; text-align : left; background-color: white; border: 0px #F0F0F0 solid; padding:0px 4px 0px 4px" class="hierarchy">1..1</td><td style="vertical-align: top; text-align : left; background-color: white; border: 0px #F0F0F0 solid; padding:0px 4px 0px 4px" class="hierarchy"/><td style="vertical-align: top; text-align : left; background-color: white; border: 0px #F0F0F0 solid; padding:0px 4px 0px 4px" class="hierarchy">Reference Sequence</td></tr>
<tr style="border: 0px #F0F0F0 solid; padding:0px; vertical-align: top; background-color: #F7F7F7"><td style="vertical-align: top; text-align : left; background-color: #F7F7F7; border: 0px #F0F0F0 solid; padding:0px 4px 0px 4px; white-space: nowrap; background-image: url(tbl_bck10110.png)" class="hierarchy"><img src="tbl_spacer.png" alt="." style="background-color: inherit" class="hierarchy"/><img src="tbl_vline.png" alt="." style="background-color: inherit" class="hierarchy"/><img src="tbl_blank.png" alt="." style="background-color: inherit" class="hierarchy"/><img src="tbl_vline.png" alt="." style="background-color: inherit" class="hierarchy"/><img src="tbl_vjoin.png" alt="." style="background-color: inherit" class="hierarchy"/><img src="icon_datatype.gif" alt="." style="background-color: #F7F7F7; background-color: inherit" title="Data Type" class="hierarchy"/> <span title="Datatype to support FHIR Genomics.  This datatype supports representations like GRCH38.p13 Chromosome 1">referenceSequenceHttp://hl7.org/fhir/uv/cg-model/StructureDefinition/GenomeSequenceDesignation</span></td><td style="vertical-align: top; text-align : left; background-color: #F7F7F7; border: 0px #F0F0F0 solid; padding:0px 4px 0px 4px" class="hierarchy"/><td style="vertical-align: top; text-align : left; background-color: #F7F7F7; border: 0px #F0F0F0 solid; padding:0px 4px 0px 4px" class="hierarchy"></td><td style="vertical-align: top; text-align : left; background-color: #F7F7F7; border: 0px #F0F0F0 solid; padding:0px 4px 0px 4px" class="hierarchy"><a href="StructureDefinition-GenomeSequenceDesignation.html">http://hl7.org/fhir/uv/cg-model/StructureDefinition/GenomeSequenceDesignation</a></td><td style="vertical-align: top; text-align : left; background-color: #F7F7F7; border: 0px #F0F0F0 solid; padding:0px 4px 0px 4px" class="hierarchy"/></tr>
<tr style="border: 0px #F0F0F0 solid; padding:0px; vertical-align: top; background-color: white"><td style="vertical-align: top; text-align : left; background-color: white; border: 0px #F0F0F0 solid; padding:0px 4px 0px 4px; white-space: nowrap; background-image: url(tbl_bck10100.png)" class="hierarchy"><img src="tbl_spacer.png" alt="." style="background-color: inherit" class="hierarchy"/><img src="tbl_vline.png" alt="." style="background-color: inherit" class="hierarchy"/><img src="tbl_blank.png" alt="." style="background-color: inherit" class="hierarchy"/><img src="tbl_vline.png" alt="." style="background-color: inherit" class="hierarchy"/><img src="tbl_vjoin_end.png" alt="." style="background-color: inherit" class="hierarchy"/><img src="icon_datatype.gif" alt="." style="background-color: white; background-color: inherit" title="Data Type" class="hierarchy"/> <span title="Datatype to support FHIR Genomics.  This datatype supports identifier/accession-style representations like GCA_000001405.28">referenceSequenceHttp://hl7.org/fhir/uv/cg-model/StructureDefinition/IdentifierSequenceDesignation</span></td><td style="vertical-align: top; text-align : left; background-color: white; border: 0px #F0F0F0 solid; padding:0px 4px 0px 4px" class="hierarchy"/><td style="vertical-align: top; text-align : left; background-color: white; border: 0px #F0F0F0 solid; padding:0px 4px 0px 4px" class="hierarchy"></td><td style="vertical-align: top; text-align : left; background-color: white; border: 0px #F0F0F0 solid; padding:0px 4px 0px 4px" class="hierarchy"><a href="StructureDefinition-IdentifierSequenceDesignation.html">http://hl7.org/fhir/uv/cg-model/StructureDefinition/IdentifierSequenceDesignation</a></td><td style="vertical-align: top; text-align : left; background-color: white; border: 0px #F0F0F0 solid; padding:0px 4px 0px 4px" class="hierarchy"/></tr>
<tr style="border: 0px #F0F0F0 solid; padding:0px; vertical-align: top; background-color: #F7F7F7"><td style="vertical-align: top; text-align : left; background-color: #F7F7F7; border: 0px #F0F0F0 solid; padding:0px 4px 0px 4px; white-space: nowrap; background-image: url(tbl_bck1010.png)" class="hierarchy"><img src="tbl_spacer.png" alt="." style="background-color: inherit" class="hierarchy"/><img src="tbl_vline.png" alt="." style="background-color: inherit" class="hierarchy"/><img src="tbl_blank.png" alt="." style="background-color: inherit" class="hierarchy"/><img src="tbl_vjoin.png" alt="." style="background-color: inherit" class="hierarchy"/><img src="icon_reference.png" alt="." style="background-color: #F7F7F7; background-color: inherit" title="Reference to another Resource" class="hierarchy"/> <a href="StructureDefinition-MolecularVariant-definitions.html#MolecularVariant.secondaryRepresentation.sequence.referenceAllele" title="Reference Allele">referenceAllele</a><a name="MolecularVariant.secondaryRepresentation.sequence.referenceAllele"> </a></td><td style="vertical-align: top; text-align : left; background-color: #F7F7F7; border: 0px #F0F0F0 solid; padding:0px 4px 0px 4px" class="hierarchy"/><td style="vertical-align: top; text-align : left; background-color: #F7F7F7; border: 0px #F0F0F0 solid; padding:0px 4px 0px 4px" class="hierarchy">0..1</td><td style="vertical-align: top; text-align : left; background-color: #F7F7F7; border: 0px #F0F0F0 solid; padding:0px 4px 0px 4px" class="hierarchy"><a href="http://hl7.org/fhir/R4/references.html">Reference</a>(<a href="StructureDefinition-MolecularSequence.html">Molecular Sequence</a>)</td><td style="vertical-align: top; text-align : left; background-color: #F7F7F7; border: 0px #F0F0F0 solid; padding:0px 4px 0px 4px" class="hierarchy">Reference Allele</td></tr>
<tr style="border: 0px #F0F0F0 solid; padding:0px; vertical-align: top; background-color: white"><td style="vertical-align: top; text-align : left; background-color: white; border: 0px #F0F0F0 solid; padding:0px 4px 0px 4px; white-space: nowrap; background-image: url(tbl_bck1010.png)" class="hierarchy"><img src="tbl_spacer.png" alt="." style="background-color: inherit" class="hierarchy"/><img src="tbl_vline.png" alt="." style="background-color: inherit" class="hierarchy"/><img src="tbl_blank.png" alt="." style="background-color: inherit" class="hierarchy"/><img src="tbl_vjoin.png" alt="." style="background-color: inherit" class="hierarchy"/><img src="icon_reference.png" alt="." style="background-color: white; background-color: inherit" title="Reference to another Resource" class="hierarchy"/> <a href="StructureDefinition-MolecularVariant-definitions.html#MolecularVariant.secondaryRepresentation.sequence.alernateAllele" title="Alternate Allele">alernateAllele</a><a name="MolecularVariant.secondaryRepresentation.sequence.alernateAllele"> </a></td><td style="vertical-align: top; text-align : left; background-color: white; border: 0px #F0F0F0 solid; padding:0px 4px 0px 4px" class="hierarchy"/><td style="vertical-align: top; text-align : left; background-color: white; border: 0px #F0F0F0 solid; padding:0px 4px 0px 4px" class="hierarchy">1..1</td><td style="vertical-align: top; text-align : left; background-color: white; border: 0px #F0F0F0 solid; padding:0px 4px 0px 4px" class="hierarchy"><a href="http://hl7.org/fhir/R4/references.html">Reference</a>(<a href="StructureDefinition-MolecularSequence.html">Molecular Sequence</a>)</td><td style="vertical-align: top; text-align : left; background-color: white; border: 0px #F0F0F0 solid; padding:0px 4px 0px 4px" class="hierarchy">Alternat Allele</td></tr>
<tr style="border: 0px #F0F0F0 solid; padding:0px; vertical-align: top; background-color: #F7F7F7"><td style="vertical-align: top; text-align : left; background-color: #F7F7F7; border: 0px #F0F0F0 solid; padding:0px 4px 0px 4px; white-space: nowrap; background-image: url(tbl_bck1000.png)" class="hierarchy"><img src="tbl_spacer.png" alt="." style="background-color: inherit" class="hierarchy"/><img src="tbl_vline.png" alt="." style="background-color: inherit" class="hierarchy"/><img src="tbl_blank.png" alt="." style="background-color: inherit" class="hierarchy"/><img src="tbl_vjoin_end.png" alt="." style="background-color: inherit" class="hierarchy"/><img src="icon_datatype.gif" alt="." style="background-color: #F7F7F7; background-color: inherit" title="Data Type" class="hierarchy"/> <a href="StructureDefinition-MolecularVariant-definitions.html#MolecularVariant.secondaryRepresentation.sequence.system" title="Specifying the format that defines the meaning of this sequence which may include business rules governing their interpretation (e.g. left versus right shifting)">system</a><a name="MolecularVariant.secondaryRepresentation.sequence.system"> </a></td><td style="vertical-align: top; text-align : left; background-color: #F7F7F7; border: 0px #F0F0F0 solid; padding:0px 4px 0px 4px" class="hierarchy"/><td style="vertical-align: top; text-align : left; background-color: #F7F7F7; border: 0px #F0F0F0 solid; padding:0px 4px 0px 4px" class="hierarchy">1..1</td><td style="vertical-align: top; text-align : left; background-color: #F7F7F7; border: 0px #F0F0F0 solid; padding:0px 4px 0px 4px" class="hierarchy"><a href="http://hl7.org/fhir/R4/datatypes.html#CodeableConcept">CodeableConcept</a></td><td style="vertical-align: top; text-align : left; background-color: #F7F7F7; border: 0px #F0F0F0 solid; padding:0px 4px 0px 4px" class="hierarchy">System</td></tr>
<tr style="border: 0px #F0F0F0 solid; padding:0px; vertical-align: top; background-color: white"><td style="vertical-align: top; text-align : left; background-color: white; border: 0px #F0F0F0 solid; padding:0px 4px 0px 4px; white-space: nowrap; background-image: url(tbl_bck01.png)" class="hierarchy"><img src="tbl_spacer.png" alt="." style="background-color: inherit" class="hierarchy"/><img src="tbl_vjoin_end.png" alt="." style="background-color: inherit" class="hierarchy"/><img src="icon_datatype.gif" alt="." style="background-color: white; background-color: inherit" title="Data Type" class="hierarchy"/> <a href="StructureDefinition-MolecularVariant-definitions.html#MolecularVariant.relationships" title="Other variants related to this variant">relationships</a><a name="MolecularVariant.relationships"> </a></td><td style="vertical-align: top; text-align : left; background-color: white; border: 0px #F0F0F0 solid; padding:0px 4px 0px 4px" class="hierarchy"/><td style="vertical-align: top; text-align : left; background-color: white; border: 0px #F0F0F0 solid; padding:0px 4px 0px 4px" class="hierarchy">0..*</td><td style="vertical-align: top; text-align : left; background-color: white; border: 0px #F0F0F0 solid; padding:0px 4px 0px 4px" class="hierarchy"><a href="http://hl7.org/fhir/R4/datatypes.html#BackboneElement">BackboneElement</a></td><td style="vertical-align: top; text-align : left; background-color: white; border: 0px #F0F0F0 solid; padding:0px 4px 0px 4px" class="hierarchy">Relationships<br/></td></tr>
<tr style="border: 0px #F0F0F0 solid; padding:0px; vertical-align: top; background-color: #F7F7F7"><td style="vertical-align: top; text-align : left; background-color: #F7F7F7; border: 0px #F0F0F0 solid; padding:0px 4px 0px 4px; white-space: nowrap; background-image: url(tbl_bck010.png)" class="hierarchy"><img src="tbl_spacer.png" alt="." style="background-color: inherit" class="hierarchy"/><img src="tbl_blank.png" alt="." style="background-color: inherit" class="hierarchy"/><img src="tbl_vjoin.png" alt="." style="background-color: inherit" class="hierarchy"/><img src="icon_datatype.gif" alt="." style="background-color: #F7F7F7; background-color: inherit" title="Data Type" class="hierarchy"/> <a href="StructureDefinition-MolecularVariant-definitions.html#MolecularVariant.relationships.type" title="Type of relationship">type</a><a name="MolecularVariant.relationships.type"> </a></td><td style="vertical-align: top; text-align : left; background-color: #F7F7F7; border: 0px #F0F0F0 solid; padding:0px 4px 0px 4px" class="hierarchy"/><td style="vertical-align: top; text-align : left; background-color: #F7F7F7; border: 0px #F0F0F0 solid; padding:0px 4px 0px 4px" class="hierarchy">1..1</td><td style="vertical-align: top; text-align : left; background-color: #F7F7F7; border: 0px #F0F0F0 solid; padding:0px 4px 0px 4px" class="hierarchy"><a href="http://hl7.org/fhir/R4/datatypes.html#CodeableConcept">CodeableConcept</a></td><td style="vertical-align: top; text-align : left; background-color: #F7F7F7; border: 0px #F0F0F0 solid; padding:0px 4px 0px 4px" class="hierarchy">Type</td></tr>
<tr style="border: 0px #F0F0F0 solid; padding:0px; vertical-align: top; background-color: white"><td style="vertical-align: top; text-align : left; background-color: white; border: 0px #F0F0F0 solid; padding:0px 4px 0px 4px; white-space: nowrap; background-image: url(tbl_bck010.png)" class="hierarchy"><img src="tbl_spacer.png" alt="." style="background-color: inherit" class="hierarchy"/><img src="tbl_blank.png" alt="." style="background-color: inherit" class="hierarchy"/><img src="tbl_vjoin.png" alt="." style="background-color: inherit" class="hierarchy"/><img src="icon_primitive.png" alt="." style="background-color: white; background-color: inherit" title="Primitive Data Type" class="hierarchy"/> <a href="StructureDefinition-MolecularVariant-definitions.html#MolecularVariant.relationships.description" title="Further description of the relationship">description</a><a name="MolecularVariant.relationships.description"> </a></td><td style="vertical-align: top; text-align : left; background-color: white; border: 0px #F0F0F0 solid; padding:0px 4px 0px 4px" class="hierarchy"/><td style="vertical-align: top; text-align : left; background-color: white; border: 0px #F0F0F0 solid; padding:0px 4px 0px 4px" class="hierarchy">0..1</td><td style="vertical-align: top; text-align : left; background-color: white; border: 0px #F0F0F0 solid; padding:0px 4px 0px 4px" class="hierarchy"><a href="http://hl7.org/fhir/R4/datatypes.html#string">string</a></td><td style="vertical-align: top; text-align : left; background-color: white; border: 0px #F0F0F0 solid; padding:0px 4px 0px 4px" class="hierarchy">Description</td></tr>
<tr style="border: 0px #F0F0F0 solid; padding:0px; vertical-align: top; background-color: #F7F7F7"><td style="vertical-align: top; text-align : left; background-color: #F7F7F7; border: 0px #F0F0F0 solid; padding:0px 4px 0px 4px; white-space: nowrap; background-image: url(tbl_bck000.png)" class="hierarchy"><img src="tbl_spacer.png" alt="." style="background-color: inherit" class="hierarchy"/><img src="tbl_blank.png" alt="." style="background-color: inherit" class="hierarchy"/><img src="tbl_vjoin_end.png" alt="." style="background-color: inherit" class="hierarchy"/><img src="icon_reference.png" alt="." style="background-color: #F7F7F7; background-color: inherit" title="Reference to another Resource" class="hierarchy"/> <a href="StructureDefinition-MolecularVariant-definitions.html#MolecularVariant.relationships.relatedVariant" title="Target variant in the relationship">relatedVariant</a><a name="MolecularVariant.relationships.relatedVariant"> </a></td><td style="vertical-align: top; text-align : left; background-color: #F7F7F7; border: 0px #F0F0F0 solid; padding:0px 4px 0px 4px" class="hierarchy"/><td style="vertical-align: top; text-align : left; background-color: #F7F7F7; border: 0px #F0F0F0 solid; padding:0px 4px 0px 4px" class="hierarchy">1..1</td><td style="vertical-align: top; text-align : left; background-color: #F7F7F7; border: 0px #F0F0F0 solid; padding:0px 4px 0px 4px" class="hierarchy"><a href="http://hl7.org/fhir/R4/references.html">Reference</a>(<a href="StructureDefinition-MolecularVariant.html">Molecular Variant</a>)</td><td style="vertical-align: top; text-align : left; background-color: #F7F7F7; border: 0px #F0F0F0 solid; padding:0px 4px 0px 4px" class="hierarchy">Related Variant</td></tr>
<tr><td colspan="5" class="hierarchy"><br/><a href="http://hl7.org/fhir/R4/formats.html#table" title="Legend for this format"><img src="http://hl7.org/fhir/R4/help16.png" alt="doco" style="background-color: inherit"/> Documentation for this format</a></td></tr></table></div>
  </text>
  <url value="http://hl7.org/fhir/uv/cg-model/StructureDefinition/MolecularVariant"/>
  <version value="0.1.0"/>
  <name value="MolecularVariant"/>
  <title value="Molecular Variant"/>
  <status value="active"/>
  <date value="2021-09-22T18:03:45-05:00"/>
  <publisher value="Clinical Genomics"/>
  <contact>
    <name value="Clinical Genomics"/>
    <telecom>
      <system value="url"/>
      <value value="http://example.org/example-publisher"/>
    </telecom>
  </contact>
  <description value="MolecularVariant resource"/>
  <fhirVersion value="4.0.1"/>
  <mapping>
    <identity value="rim"/>
    <uri value="http://hl7.org/v3"/>
    <name value="RIM Mapping"/>
  </mapping>
  <kind value="logical"/>
  <abstract value="false"/>
  <type value="http://hl7.org/fhir/uv/cg-model/StructureDefinition/MolecularVariant"/>
  <baseDefinition value="http://hl7.org/fhir/StructureDefinition/Base"/>
  <derivation value="specialization"/>
  <snapshot>
    <element id="MolecularVariant">
      <path value="MolecularVariant"/>
      <short value="Molecular Variant"/>
      <definition value="MolecularVariant resource"/>
      <min value="0"/>
      <max value="*"/>
      <base>
        <path value="Base"/>
        <min value="0"/>
        <max value="*"/>
      </base>
      <isModifier value="false"/>
    </element>
    <element id="MolecularVariant.molecularType">
      <path value="MolecularVariant.molecularType"/>
      <short value="The type of molecule"/>
      <definition value="The type of molecule"/>
      <min value="0"/>
      <max value="1"/>
      <base>
        <path value="MolecularVariant.molecularType"/>
        <min value="0"/>
        <max value="1"/>
      </base>
      <type>
        <code value="CodeableConcept"/>
      </type>
    </element>
    <element id="MolecularVariant.primaryRepresentation">
      <path value="MolecularVariant.primaryRepresentation"/>
      <short value="Primary Representation"/>
      <definition value="Primary Representation"/>
      <min value="1"/>
      <max value="1"/>
      <base>
        <path value="MolecularVariant.primaryRepresentation"/>
        <min value="1"/>
        <max value="1"/>
      </base>
      <type>
        <code value="BackboneElement"/>
      </type>
    </element>
    <element id="MolecularVariant.primaryRepresentation.identifier">
      <path value="MolecularVariant.primaryRepresentation.identifier"/>
      <short value="Identifer"/>
      <definition value="Identifer based representation of a variant"/>
      <min value="0"/>
      <max value="1"/>
      <base>
        <path value="MolecularVariant.primaryRepresentation.identifier"/>
        <min value="0"/>
        <max value="1"/>
      </base>
      <type>
        <code value="CodeableConcept"/>
      </type>
    </element>
    <element id="MolecularVariant.primaryRepresentation.text">
      <path value="MolecularVariant.primaryRepresentation.text"/>
      <short value="Text"/>
      <definition value="Text based representations"/>
      <min value="0"/>
      <max value="1"/>
      <base>
        <path value="MolecularVariant.primaryRepresentation.text"/>
        <min value="0"/>
        <max value="1"/>
      </base>
      <type>
        <code value="BackboneElement"/>
      </type>
    </element>
    <element id="MolecularVariant.primaryRepresentation.text.value">
      <path value="MolecularVariant.primaryRepresentation.text.value"/>
      <short value="Value"/>
      <definition value="Value for the textual representation"/>
      <min value="1"/>
      <max value="1"/>
      <base>
        <path value="MolecularVariant.primaryRepresentation.text.value"/>
        <min value="1"/>
        <max value="1"/>
      </base>
      <type>
        <code value="string"/>
      </type>
    </element>
    <element id="MolecularVariant.primaryRepresentation.text.system">
      <path value="MolecularVariant.primaryRepresentation.text.system"/>
      <short value="System"/>
      <definition value="System where the value was drawn from"/>
      <min value="1"/>
      <max value="1"/>
      <base>
        <path value="MolecularVariant.primaryRepresentation.text.system"/>
        <min value="1"/>
        <max value="1"/>
      </base>
      <type>
        <code value="CodeableConcept"/>
      </type>
    </element>
    <element id="MolecularVariant.primaryRepresentation.sequence">
      <path value="MolecularVariant.primaryRepresentation.sequence"/>
      <short value="Sequence"/>
      <definition value="Sequence based representation of a variant"/>
      <min value="0"/>
      <max value="1"/>
      <base>
        <path value="MolecularVariant.primaryRepresentation.sequence"/>
        <min value="0"/>
        <max value="1"/>
      </base>
      <type>
        <code value="BackboneElement"/>
      </type>
    </element>
    <element id="MolecularVariant.primaryRepresentation.sequence.interval">
      <path value="MolecularVariant.primaryRepresentation.sequence.interval"/>
      <short value="Interval"/>
      <definition value="Coordinates of the variant"/>
      <min value="1"/>
      <max value="1"/>
      <base>
        <path value="MolecularVariant.primaryRepresentation.sequence.interval"/>
        <min value="1"/>
        <max value="1"/>
      </base>
      <type>
        <code value="http://hl7.org/fhir/uv/cg-model/StructureDefinition/MolecularPreciseInterval"/>
      </type>
    </element>
    <element id="MolecularVariant.primaryRepresentation.sequence.referenceSequence[x]">
      <path value="MolecularVariant.primaryRepresentation.sequence.referenceSequence[x]"/>
      <short value="Reference Sequence"/>
      <definition value="Reference Sequence"/>
      <min value="1"/>
      <max value="1"/>
      <base>
        <path value="MolecularVariant.primaryRepresentation.sequence.referenceSequence[x]"/>
        <min value="1"/>
        <max value="1"/>
      </base>
      <type>
        <code value="http://hl7.org/fhir/uv/cg-model/StructureDefinition/GenomeSequenceDesignation"/>
      </type>
      <type>
        <code value="http://hl7.org/fhir/uv/cg-model/StructureDefinition/IdentifierSequenceDesignation"/>
      </type>
    </element>
    <element id="MolecularVariant.primaryRepresentation.sequence.referenceAllele">
      <path value="MolecularVariant.primaryRepresentation.sequence.referenceAllele"/>
      <short value="Reference Allele"/>
      <definition value="Reference Allele"/>
      <min value="0"/>
      <max value="1"/>
      <base>
        <path value="MolecularVariant.primaryRepresentation.sequence.referenceAllele"/>
        <min value="0"/>
        <max value="1"/>
      </base>
      <type>
        <code value="Reference"/>
        <targetProfile value="http://hl7.org/fhir/uv/cg-model/StructureDefinition/MolecularSequence"/>
      </type>
    </element>
    <element id="MolecularVariant.primaryRepresentation.sequence.alernateAllele">
      <path value="MolecularVariant.primaryRepresentation.sequence.alernateAllele"/>
      <short value="Alternat Allele"/>
      <definition value="Alternate Allele"/>
      <min value="1"/>
      <max value="1"/>
      <base>
        <path value="MolecularVariant.primaryRepresentation.sequence.alernateAllele"/>
        <min value="1"/>
        <max value="1"/>
      </base>
      <type>
        <code value="Reference"/>
        <targetProfile value="http://hl7.org/fhir/uv/cg-model/StructureDefinition/MolecularSequence"/>
      </type>
    </element>
    <element id="MolecularVariant.primaryRepresentation.sequence.system">
      <path value="MolecularVariant.primaryRepresentation.sequence.system"/>
      <short value="System"/>
      <definition value="Specifying the format that defines the meaning of this sequence which may include business rules governing their interpretation (e.g. left versus right shifting)"/>
      <min value="1"/>
      <max value="1"/>
      <base>
        <path value="MolecularVariant.primaryRepresentation.sequence.system"/>
        <min value="1"/>
        <max value="1"/>
      </base>
      <type>
        <code value="CodeableConcept"/>
      </type>
    </element>
    <element id="MolecularVariant.secondaryRepresentation">
      <path value="MolecularVariant.secondaryRepresentation"/>
      <short value="Secondary Representation"/>
      <definition value="Include any number of alternative representations for the variant"/>
      <min value="0"/>
      <max value="*"/>
      <base>
        <path value="MolecularVariant.secondaryRepresentation"/>
        <min value="0"/>
        <max value="*"/>
      </base>
      <type>
        <code value="BackboneElement"/>
      </type>
    </element>
    <element id="MolecularVariant.secondaryRepresentation.identifier">
      <path value="MolecularVariant.secondaryRepresentation.identifier"/>
      <short value="Identifer"/>
      <definition value="Identifer based representation of a variant"/>
      <min value="0"/>
      <max value="1"/>
      <base>
        <path value="MolecularVariant.secondaryRepresentation.identifier"/>
        <min value="0"/>
        <max value="1"/>
      </base>
      <type>
        <code value="CodeableConcept"/>
      </type>
    </element>
    <element id="MolecularVariant.secondaryRepresentation.text">
      <path value="MolecularVariant.secondaryRepresentation.text"/>
      <short value="Text"/>
      <definition value="Text based representations"/>
      <min value="0"/>
      <max value="1"/>
      <base>
        <path value="MolecularVariant.secondaryRepresentation.text"/>
        <min value="0"/>
        <max value="1"/>
      </base>
      <type>
        <code value="BackboneElement"/>
      </type>
    </element>
    <element id="MolecularVariant.secondaryRepresentation.text.value">
      <path value="MolecularVariant.secondaryRepresentation.text.value"/>
      <short value="Value"/>
      <definition value="Value for the textual representation"/>
      <min value="1"/>
      <max value="1"/>
      <base>
        <path value="MolecularVariant.secondaryRepresentation.text.value"/>
        <min value="1"/>
        <max value="1"/>
      </base>
      <type>
        <code value="string"/>
      </type>
    </element>
    <element id="MolecularVariant.secondaryRepresentation.text.system">
      <path value="MolecularVariant.secondaryRepresentation.text.system"/>
      <short value="System"/>
      <definition value="System where the value was drawn from"/>
      <min value="1"/>
      <max value="1"/>
      <base>
        <path value="MolecularVariant.secondaryRepresentation.text.system"/>
        <min value="1"/>
        <max value="1"/>
      </base>
      <type>
        <code value="CodeableConcept"/>
      </type>
    </element>
    <element id="MolecularVariant.secondaryRepresentation.sequence">
      <path value="MolecularVariant.secondaryRepresentation.sequence"/>
      <short value="Sequence"/>
      <definition value="Sequence based representation of a variant"/>
      <min value="0"/>
      <max value="1"/>
      <base>
        <path value="MolecularVariant.secondaryRepresentation.sequence"/>
        <min value="0"/>
        <max value="1"/>
      </base>
      <type>
        <code value="BackboneElement"/>
      </type>
    </element>
    <element id="MolecularVariant.secondaryRepresentation.sequence.interval">
      <path value="MolecularVariant.secondaryRepresentation.sequence.interval"/>
      <short value="Interval"/>
      <definition value="Coordinates of the variant"/>
      <min value="1"/>
      <max value="1"/>
      <base>
        <path value="MolecularVariant.secondaryRepresentation.sequence.interval"/>
        <min value="1"/>
        <max value="1"/>
      </base>
      <type>
        <code value="http://hl7.org/fhir/uv/cg-model/StructureDefinition/MolecularPreciseInterval"/>
      </type>
    </element>
    <element id="MolecularVariant.secondaryRepresentation.sequence.referenceSequence[x]">
      <path value="MolecularVariant.secondaryRepresentation.sequence.referenceSequence[x]"/>
      <short value="Reference Sequence"/>
      <definition value="Reference Sequence"/>
      <min value="1"/>
      <max value="1"/>
      <base>
        <path value="MolecularVariant.secondaryRepresentation.sequence.referenceSequence[x]"/>
        <min value="1"/>
        <max value="1"/>
      </base>
      <type>
        <code value="http://hl7.org/fhir/uv/cg-model/StructureDefinition/GenomeSequenceDesignation"/>
      </type>
      <type>
        <code value="http://hl7.org/fhir/uv/cg-model/StructureDefinition/IdentifierSequenceDesignation"/>
      </type>
    </element>
    <element id="MolecularVariant.secondaryRepresentation.sequence.referenceAllele">
      <path value="MolecularVariant.secondaryRepresentation.sequence.referenceAllele"/>
      <short value="Reference Allele"/>
      <definition value="Reference Allele"/>
      <min value="0"/>
      <max value="1"/>
      <base>
        <path value="MolecularVariant.secondaryRepresentation.sequence.referenceAllele"/>
        <min value="0"/>
        <max value="1"/>
      </base>
      <type>
        <code value="Reference"/>
        <targetProfile value="http://hl7.org/fhir/uv/cg-model/StructureDefinition/MolecularSequence"/>
      </type>
    </element>
    <element id="MolecularVariant.secondaryRepresentation.sequence.alernateAllele">
      <path value="MolecularVariant.secondaryRepresentation.sequence.alernateAllele"/>
      <short value="Alternat Allele"/>
      <definition value="Alternate Allele"/>
      <min value="1"/>
      <max value="1"/>
      <base>
        <path value="MolecularVariant.secondaryRepresentation.sequence.alernateAllele"/>
        <min value="1"/>
        <max value="1"/>
      </base>
      <type>
        <code value="Reference"/>
        <targetProfile value="http://hl7.org/fhir/uv/cg-model/StructureDefinition/MolecularSequence"/>
      </type>
    </element>
    <element id="MolecularVariant.secondaryRepresentation.sequence.system">
      <path value="MolecularVariant.secondaryRepresentation.sequence.system"/>
      <short value="System"/>
      <definition value="Specifying the format that defines the meaning of this sequence which may include business rules governing their interpretation (e.g. left versus right shifting)"/>
      <min value="1"/>
      <max value="1"/>
      <base>
        <path value="MolecularVariant.secondaryRepresentation.sequence.system"/>
        <min value="1"/>
        <max value="1"/>
      </base>
      <type>
        <code value="CodeableConcept"/>
      </type>
    </element>
    <element id="MolecularVariant.relationships">
      <path value="MolecularVariant.relationships"/>
      <short value="Relationships"/>
      <definition value="Other variants related to this variant"/>
      <min value="0"/>
      <max value="*"/>
      <base>
        <path value="MolecularVariant.relationships"/>
        <min value="0"/>
        <max value="*"/>
      </base>
      <type>
        <code value="BackboneElement"/>
      </type>
    </element>
    <element id="MolecularVariant.relationships.type">
      <path value="MolecularVariant.relationships.type"/>
      <short value="Type"/>
      <definition value="Type of relationship"/>
      <min value="1"/>
      <max value="1"/>
      <base>
        <path value="MolecularVariant.relationships.type"/>
        <min value="1"/>
        <max value="1"/>
      </base>
      <type>
        <code value="CodeableConcept"/>
      </type>
    </element>
    <element id="MolecularVariant.relationships.description">
      <path value="MolecularVariant.relationships.description"/>
      <short value="Description"/>
      <definition value="Further description of the relationship"/>
      <min value="0"/>
      <max value="1"/>
      <base>
        <path value="MolecularVariant.relationships.description"/>
        <min value="0"/>
        <max value="1"/>
      </base>
      <type>
        <code value="string"/>
      </type>
    </element>
    <element id="MolecularVariant.relationships.relatedVariant">
      <path value="MolecularVariant.relationships.relatedVariant"/>
      <short value="Related Variant"/>
      <definition value="Target variant in the relationship"/>
      <min value="1"/>
      <max value="1"/>
      <base>
        <path value="MolecularVariant.relationships.relatedVariant"/>
        <min value="1"/>
        <max value="1"/>
      </base>
      <type>
        <code value="Reference"/>
        <targetProfile value="http://hl7.org/fhir/uv/cg-model/StructureDefinition/MolecularVariant"/>
      </type>
    </element>
  </snapshot>
  <differential>
    <element id="MolecularVariant">
      <path value="MolecularVariant"/>
      <short value="Molecular Variant"/>
      <definition value="MolecularVariant resource"/>
    </element>
    <element id="MolecularVariant.molecularType">
      <path value="MolecularVariant.molecularType"/>
      <short value="The type of molecule"/>
      <definition value="The type of molecule"/>
      <min value="0"/>
      <max value="1"/>
      <type>
        <code value="CodeableConcept"/>
      </type>
    </element>
    <element id="MolecularVariant.primaryRepresentation">
      <path value="MolecularVariant.primaryRepresentation"/>
      <short value="Primary Representation"/>
      <definition value="Primary Representation"/>
      <min value="1"/>
      <max value="1"/>
      <type>
        <code value="BackboneElement"/>
      </type>
    </element>
    <element id="MolecularVariant.primaryRepresentation.identifier">
      <path value="MolecularVariant.primaryRepresentation.identifier"/>
      <short value="Identifer"/>
      <definition value="Identifer based representation of a variant"/>
      <min value="0"/>
      <max value="1"/>
      <type>
        <code value="CodeableConcept"/>
      </type>
    </element>
    <element id="MolecularVariant.primaryRepresentation.text">
      <path value="MolecularVariant.primaryRepresentation.text"/>
      <short value="Text"/>
      <definition value="Text based representations"/>
      <min value="0"/>
      <max value="1"/>
      <type>
        <code value="BackboneElement"/>
      </type>
    </element>
    <element id="MolecularVariant.primaryRepresentation.text.value">
      <path value="MolecularVariant.primaryRepresentation.text.value"/>
      <short value="Value"/>
      <definition value="Value for the textual representation"/>
      <min value="1"/>
      <max value="1"/>
      <type>
        <code value="string"/>
      </type>
    </element>
    <element id="MolecularVariant.primaryRepresentation.text.system">
      <path value="MolecularVariant.primaryRepresentation.text.system"/>
      <short value="System"/>
      <definition value="System where the value was drawn from"/>
      <min value="1"/>
      <max value="1"/>
      <type>
        <code value="CodeableConcept"/>
      </type>
    </element>
    <element id="MolecularVariant.primaryRepresentation.sequence">
      <path value="MolecularVariant.primaryRepresentation.sequence"/>
      <short value="Sequence"/>
      <definition value="Sequence based representation of a variant"/>
      <min value="0"/>
      <max value="1"/>
      <type>
        <code value="BackboneElement"/>
      </type>
    </element>
    <element id="MolecularVariant.primaryRepresentation.sequence.interval">
      <path value="MolecularVariant.primaryRepresentation.sequence.interval"/>
      <short value="Interval"/>
      <definition value="Coordinates of the variant"/>
      <min value="1"/>
      <max value="1"/>
      <type>
        <code value="http://hl7.org/fhir/uv/cg-model/StructureDefinition/MolecularPreciseInterval"/>
      </type>
    </element>
    <element id="MolecularVariant.primaryRepresentation.sequence.referenceSequence[x]">
      <path value="MolecularVariant.primaryRepresentation.sequence.referenceSequence[x]"/>
      <short value="Reference Sequence"/>
      <definition value="Reference Sequence"/>
      <min value="1"/>
      <max value="1"/>
      <type>
        <code value="http://hl7.org/fhir/uv/cg-model/StructureDefinition/GenomeSequenceDesignation"/>
      </type>
      <type>
        <code value="http://hl7.org/fhir/uv/cg-model/StructureDefinition/IdentifierSequenceDesignation"/>
      </type>
    </element>
    <element id="MolecularVariant.primaryRepresentation.sequence.referenceAllele">
      <path value="MolecularVariant.primaryRepresentation.sequence.referenceAllele"/>
      <short value="Reference Allele"/>
      <definition value="Reference Allele"/>
      <min value="0"/>
      <max value="1"/>
      <type>
        <code value="Reference"/>
        <targetProfile value="http://hl7.org/fhir/uv/cg-model/StructureDefinition/MolecularSequence"/>
      </type>
    </element>
    <element id="MolecularVariant.primaryRepresentation.sequence.alernateAllele">
      <path value="MolecularVariant.primaryRepresentation.sequence.alernateAllele"/>
      <short value="Alternat Allele"/>
      <definition value="Alternate Allele"/>
      <min value="1"/>
      <max value="1"/>
      <type>
        <code value="Reference"/>
        <targetProfile value="http://hl7.org/fhir/uv/cg-model/StructureDefinition/MolecularSequence"/>
      </type>
    </element>
    <element id="MolecularVariant.primaryRepresentation.sequence.system">
      <path value="MolecularVariant.primaryRepresentation.sequence.system"/>
      <short value="System"/>
      <definition value="Specifying the format that defines the meaning of this sequence which may include business rules governing their interpretation (e.g. left versus right shifting)"/>
      <min value="1"/>
      <max value="1"/>
      <type>
        <code value="CodeableConcept"/>
      </type>
    </element>
    <element id="MolecularVariant.secondaryRepresentation">
      <path value="MolecularVariant.secondaryRepresentation"/>
      <short value="Secondary Representation"/>
      <definition value="Include any number of alternative representations for the variant"/>
      <min value="0"/>
      <max value="*"/>
      <type>
        <code value="BackboneElement"/>
      </type>
    </element>
    <element id="MolecularVariant.secondaryRepresentation.identifier">
      <path value="MolecularVariant.secondaryRepresentation.identifier"/>
      <short value="Identifer"/>
      <definition value="Identifer based representation of a variant"/>
      <min value="0"/>
      <max value="1"/>
      <type>
        <code value="CodeableConcept"/>
      </type>
    </element>
    <element id="MolecularVariant.secondaryRepresentation.text">
      <path value="MolecularVariant.secondaryRepresentation.text"/>
      <short value="Text"/>
      <definition value="Text based representations"/>
      <min value="0"/>
      <max value="1"/>
      <type>
        <code value="BackboneElement"/>
      </type>
    </element>
    <element id="MolecularVariant.secondaryRepresentation.text.value">
      <path value="MolecularVariant.secondaryRepresentation.text.value"/>
      <short value="Value"/>
      <definition value="Value for the textual representation"/>
      <min value="1"/>
      <max value="1"/>
      <type>
        <code value="string"/>
      </type>
    </element>
    <element id="MolecularVariant.secondaryRepresentation.text.system">
      <path value="MolecularVariant.secondaryRepresentation.text.system"/>
      <short value="System"/>
      <definition value="System where the value was drawn from"/>
      <min value="1"/>
      <max value="1"/>
      <type>
        <code value="CodeableConcept"/>
      </type>
    </element>
    <element id="MolecularVariant.secondaryRepresentation.sequence">
      <path value="MolecularVariant.secondaryRepresentation.sequence"/>
      <short value="Sequence"/>
      <definition value="Sequence based representation of a variant"/>
      <min value="0"/>
      <max value="1"/>
      <type>
        <code value="BackboneElement"/>
      </type>
    </element>
    <element id="MolecularVariant.secondaryRepresentation.sequence.interval">
      <path value="MolecularVariant.secondaryRepresentation.sequence.interval"/>
      <short value="Interval"/>
      <definition value="Coordinates of the variant"/>
      <min value="1"/>
      <max value="1"/>
      <type>
        <code value="http://hl7.org/fhir/uv/cg-model/StructureDefinition/MolecularPreciseInterval"/>
      </type>
    </element>
    <element id="MolecularVariant.secondaryRepresentation.sequence.referenceSequence[x]">
      <path value="MolecularVariant.secondaryRepresentation.sequence.referenceSequence[x]"/>
      <short value="Reference Sequence"/>
      <definition value="Reference Sequence"/>
      <min value="1"/>
      <max value="1"/>
      <type>
        <code value="http://hl7.org/fhir/uv/cg-model/StructureDefinition/GenomeSequenceDesignation"/>
      </type>
      <type>
        <code value="http://hl7.org/fhir/uv/cg-model/StructureDefinition/IdentifierSequenceDesignation"/>
      </type>
    </element>
    <element id="MolecularVariant.secondaryRepresentation.sequence.referenceAllele">
      <path value="MolecularVariant.secondaryRepresentation.sequence.referenceAllele"/>
      <short value="Reference Allele"/>
      <definition value="Reference Allele"/>
      <min value="0"/>
      <max value="1"/>
      <type>
        <code value="Reference"/>
        <targetProfile value="http://hl7.org/fhir/uv/cg-model/StructureDefinition/MolecularSequence"/>
      </type>
    </element>
    <element id="MolecularVariant.secondaryRepresentation.sequence.alernateAllele">
      <path value="MolecularVariant.secondaryRepresentation.sequence.alernateAllele"/>
      <short value="Alternat Allele"/>
      <definition value="Alternate Allele"/>
      <min value="1"/>
      <max value="1"/>
      <type>
        <code value="Reference"/>
        <targetProfile value="http://hl7.org/fhir/uv/cg-model/StructureDefinition/MolecularSequence"/>
      </type>
    </element>
    <element id="MolecularVariant.secondaryRepresentation.sequence.system">
      <path value="MolecularVariant.secondaryRepresentation.sequence.system"/>
      <short value="System"/>
      <definition value="Specifying the format that defines the meaning of this sequence which may include business rules governing their interpretation (e.g. left versus right shifting)"/>
      <min value="1"/>
      <max value="1"/>
      <type>
        <code value="CodeableConcept"/>
      </type>
    </element>
    <element id="MolecularVariant.relationships">
      <path value="MolecularVariant.relationships"/>
      <short value="Relationships"/>
      <definition value="Other variants related to this variant"/>
      <min value="0"/>
      <max value="*"/>
      <type>
        <code value="BackboneElement"/>
      </type>
    </element>
    <element id="MolecularVariant.relationships.type">
      <path value="MolecularVariant.relationships.type"/>
      <short value="Type"/>
      <definition value="Type of relationship"/>
      <min value="1"/>
      <max value="1"/>
      <type>
        <code value="CodeableConcept"/>
      </type>
    </element>
    <element id="MolecularVariant.relationships.description">
      <path value="MolecularVariant.relationships.description"/>
      <short value="Description"/>
      <definition value="Further description of the relationship"/>
      <min value="0"/>
      <max value="1"/>
      <type>
        <code value="string"/>
      </type>
    </element>
    <element id="MolecularVariant.relationships.relatedVariant">
      <path value="MolecularVariant.relationships.relatedVariant"/>
      <short value="Related Variant"/>
      <definition value="Target variant in the relationship"/>
      <min value="1"/>
      <max value="1"/>
      <type>
        <code value="Reference"/>
        <targetProfile value="http://hl7.org/fhir/uv/cg-model/StructureDefinition/MolecularVariant"/>
      </type>
    </element>
  </differential>
</StructureDefinition>